Customer_ID,Join_Date,Industry,Total_Users,Monthly_Revenue,Contract_Type,Support_Tickets,Last_Login_Days_Ago,Churn_Label,Churn_Label_Flag,Total_Users_Flag,Monthly_Revenue_Flag,Last_Login_Days_Ago_Flag,Support_Tickets_Missing,Contract_Type_Unknown
1001,2020-08-16,Tech,23.0,1133.0,2 Year,1.0,8.0,No,,,,,0,0
1002,2020-06-27,Manufacturing,14.0,734.0,Month-to-Month,0.0,0.0,No,recoded_from_1,,,,0,0
1003,2020-02-24,Retail,20.0,1005.0,2 Year,0.0,20.0,No,,,,,0,0
1004,2021-07-23,Healthcare,33.0,1630.0,Month-to-Month,2.0,22.0,Yes,,,,,0,0
1005,2020-07-28,Healthcare,10.0,491.0,1 Year,1.0,3.0,No,,,,,0,0
1006,2020-03-29,Manufacturing,7.0,388.0,2 Year,1.0,3.0,No,,,,,0,0
1007,2021-08-23,Finance,9.0,476.0,2 Year,1.0,6.0,No,,,,,0,0
1008,2021-08-15,Healthcare,1.0,40.0,Month-to-Month,0.0,27.0,Yes,,,,,0,0
1009,2020-11-29,Education,5.0,277.0,1 Year,4.0,6.0,No,,,,,0,0
1010,2020-05-26,Healthcare,22.0,1101.0,2 Year,1.0,23.0,No,,,,,0,0
1011,2021-03-25,Retail,10.0,521.0,Month-to-Month,2.0,7.0,No,,,,,0,0
1012,2021-07-02,Healthcare,16.0,788.0,Month-to-Month,1.0,29.0,No,,,,,0,0
1013,2021-03-11,Healthcare,28.0,1443.0,1 Year,1.0,28.0,No,,,,,0,0
1014,2020-10-12,Retail,18.0,911.0,2 Year,0.0,17.0,No,,,,,1,0
1015,2022-03-28,Tech,11.0,576.0,Month-to-Month,1.0,4.0,Yes,,,,,0,0
1016,2020-11-09,Manufacturing,34.0,1700.0,2 Year,0.0,13.0,No,,,,,0,0
1017,2022-08-16,Education,25.0,1297.0,1 Year,1.0,17.0,Yes,,,,,0,0
1018,2021-06-30,Education,30.0,1523.0,Month-to-Month,0.0,9.0,No,,,,,0,0
1019,2021-06-23,Healthcare,21.0,1094.0,Month-to-Month,0.0,16.0,No,,,,,0,0
1020,2022-11-05,Manufacturing,32.0,1605.0,Month-to-Month,3.0,11.0,No,,,,,0,0
1021,2020-01-02,Healthcare,6.0,321.0,1 Year,4.0,0.0,No,,,,,0,0
1022,2021-05-05,Tech,15.0,737.0,Month-to-Month,0.0,28.0,Yes,,,,,0,0
1023,2022-12-26,Healthcare,4.0,196.0,Month-to-Month,2.0,,No,,,,negative_set_to_missing,0,0
1024,2022-12-16,Finance,34.0,1734.0,Month-to-Month,1.0,29.0,No,,,,,0,0
1025,2021-09-30,Retail,8.0,431.0,2 Year,4.0,20.0,No,,,,,0,0
1026,2020-09-04,Finance,10.0,511.0,Month-to-Month,3.0,2.0,No,,,,,0,0
1027,2021-03-27,Healthcare,13.0,630.0,Month-to-Month,0.0,22.0,Yes,,,,,1,0
1028,2020-05-25,Education,12.0,645.0,Month-to-Month,1.0,8.0,Yes,,,,,0,0
1029,2022-08-26,Retail,12.0,611.0,1 Year,2.0,25.0,Yes,,,,,0,0
1030,2021-12-26,Education,8.0,434.0,1 Year,3.0,14.0,No,,,,,0,0
1031,2020-07-20,Finance,6.0,287.0,1 Year,2.0,23.0,No,,,,,0,0
1032,2021-01-27,Retail,6.0,304.0,2 Year,2.0,14.0,No,,,,,0,0
1033,2021-05-26,Tech,21.0,1039.0,1 Year,2.0,25.0,No,,,,,0,0
1034,2020-01-31,Retail,16.0,791.0,Month-to-Month,3.0,5.0,No,,,,,0,0
1035,2020-04-30,Retail,6.0,301.0,1 Year,2.0,0.0,No,,,,,0,0
1036,2021-08-07,Education,10.0,534.0,2 Year,2.0,30.0,No,,,,,0,0
1037,2022-09-23,Tech,7.0,349.0,Month-to-Month,1.0,9.0,Yes,,,,,0,0
1038,2021-10-04,Manufacturing,45.0,2237.0,Month-to-Month,4.0,18.0,No,,,,,0,0
1039,2020-11-18,Tech,41.0,2037.0,2 Year,0.0,2.0,No,,,,,0,0
1040,2021-04-26,Tech,20.0,1031.0,Month-to-Month,5.0,30.0,Yes,,,,,0,0
1041,2020-06-16,Healthcare,28.0,1433.0,2 Year,2.0,18.0,No,,,,,0,0
1042,2021-02-22,Healthcare,19.0,970.0,Month-to-Month,2.0,8.0,No,,,,,0,0
1043,2022-07-25,Tech,5.0,270.0,Month-to-Month,3.0,0.0,No,,,,,0,0
1044,2020-05-30,Tech,29.0,1498.0,Month-to-Month,1.0,16.0,No,,,,,0,0
1045,2021-05-15,Healthcare,55.0,2777.0,1 Year,5.0,,No,,,,negative_set_to_missing,0,0
1046,2022-12-19,Tech,13.0,631.0,2 Year,2.0,26.0,No,,,,,0,0
1047,2020-10-02,Healthcare,82.0,4113.0,Month-to-Month,4.0,28.0,No,,,,,0,0
1048,2021-07-31,Healthcare,23.0,1156.0,2 Year,2.0,10.0,No,,,,,0,0
1049,2022-11-01,Retail,15.0,792.0,1 Year,1.0,28.0,Yes,,,,,0,0
1050,2021-07-20,Healthcare,27.0,1335.0,Month-to-Month,1.0,10.0,No,,,,,0,0
1051,2020-11-26,Education,17.0,,2 Year,2.0,22.0,Yes,,,extreme_outlier_set_to_missing,,0,0
1052,2020-11-01,Retail,21.0,,Month-to-Month,2.0,26.0,No,,,negative_set_to_missing,,0,0
1053,2020-09-18,Tech,25.0,1235.0,1 Year,5.0,11.0,No,,,,,0,0
1054,2022-01-02,Manufacturing,40.0,2006.0,2 Year,2.0,7.0,No,,,,,0,0
1055,2022-04-12,Finance,32.0,1599.0,Month-to-Month,0.0,27.0,No,,,,,1,0
1056,2022-04-24,Retail,67.0,3333.0,Month-to-Month,1.0,23.0,No,,,,,0,0
1057,2021-05-23,Tech,2.0,114.0,Month-to-Month,2.0,25.0,No,,,,,0,0
1058,2022-08-21,Finance,46.0,2308.0,Month-to-Month,1.0,26.0,No,,,,,0,0
1059,2021-04-01,Tech,18.0,883.0,2 Year,3.0,6.0,No,,,,,0,0
1060,2021-07-25,Manufacturing,16.0,824.0,2 Year,2.0,16.0,No,,,,,0,0
1061,2021-11-09,Tech,,1133.0,Month-to-Month,0.0,28.0,Yes,recoded_from_1,extreme_outlier_set_to_missing,,,0,0
1062,2020-08-10,Manufacturing,,435.0,1 Year,1.0,23.0,No,,negative_set_to_missing,,,0,0
1063,2020-08-24,Tech,48.0,2429.0,2 Year,2.0,6.0,No,,,,,0,0
1064,2022-11-30,Finance,61.0,3098.0,2 Year,1.0,23.0,No,,,,,0,0
1065,2022-01-15,Healthcare,33.0,1685.0,Month-to-Month,0.0,30.0,No,,,,,0,0
1066,2020-09-12,Education,13.0,668.0,2 Year,2.0,9.0,No,,,,,0,0
1067,2021-08-28,Education,54.0,2750.0,Month-to-Month,3.0,6.0,No,,,,,0,0
1068,2020-12-22,Finance,43.0,2168.0,1 Year,2.0,17.0,No,,,,,0,0
1069,2022-05-30,Retail,4.0,221.0,1 Year,1.0,14.0,No,,,,,0,0
1070,2020-12-13,Tech,26.0,1290.0,1 Year,2.0,16.0,No,,,,,0,0
1071,2021-04-26,Retail,18.0,919.0,Month-to-Month,4.0,25.0,Yes,,,,,0,0
1072,2020-05-29,Education,11.0,588.0,1 Year,1.0,28.0,No,,,,,0,0
1073,2022-02-25,Tech,19.0,993.0,1 Year,1.0,7.0,No,,,,,0,0
1074,2022-05-20,Tech,32.0,1608.0,Month-to-Month,3.0,25.0,No,,,,,0,0
1075,2021-05-25,Manufacturing,43.0,2145.0,1 Year,3.0,4.0,No,,,,,0,0
1076,2021-10-11,Manufacturing,9.0,486.0,2 Year,4.0,26.0,No,,,,,0,0
1077,2022-07-02,Finance,36.0,1800.0,2 Year,2.0,27.0,No,,,,,0,0
1078,2021-07-21,Education,13.0,696.0,1 Year,1.0,20.0,No,,,,,0,0
1079,2021-08-08,Finance,30.0,1510.0,1 Year,5.0,10.0,No,,,,,0,0
1080,2020-11-04,Retail,37.0,1859.0,1 Year,2.0,22.0,No,,,,,0,0
1081,2022-04-14,Retail,5.0,272.0,2 Year,0.0,,No,,,,negative_set_to_missing,0,0
1082,2022-03-08,Healthcare,51.0,2532.0,2 Year,0.0,12.0,No,,,,,0,0
1083,2022-03-09,Finance,22.0,1133.0,2 Year,0.0,23.0,No,,,,,0,0
1084,2022-09-26,Education,10.0,508.0,1 Year,1.0,13.0,No,,,,,0,0
1085,2022-04-08,Tech,24.0,1201.0,1 Year,0.0,29.0,No,,,,,0,0
1086,2022-03-17,Finance,30.0,1483.0,Month-to-Month,2.0,20.0,No,,,,,0,0
1087,2020-04-12,Retail,9.0,463.0,1 Year,4.0,10.0,No,,,,,0,0
1088,2021-07-23,Tech,41.0,2083.0,1 Year,0.0,26.0,Yes,,,,,0,0
1089,2021-12-17,Tech,9.0,458.0,2 Year,0.0,2.0,No,,,,,0,0
1090,2021-05-21,Tech,16.0,805.0,Month-to-Month,4.0,19.0,Yes,,,,,0,0
1091,2021-03-22,Manufacturing,12.0,639.0,2 Year,0.0,8.0,No,,,,,0,0
1092,2020-08-22,Manufacturing,23.0,1150.0,1 Year,0.0,3.0,No,,,,,0,0
1093,2022-02-07,Education,17.0,880.0,2 Year,0.0,6.0,No,,,,,0,0
1094,2021-05-12,Tech,32.0,1593.0,2 Year,4.0,24.0,No,,,,,0,0
1095,2020-03-25,Education,37.0,1874.0,2 Year,0.0,13.0,No,,,,,0,0
1096,2021-11-29,Healthcare,52.0,2581.0,1 Year,4.0,26.0,No,,,,,0,0
1097,2022-07-30,Healthcare,14.0,699.0,1 Year,1.0,5.0,No,,,,,0,0
1098,2022-09-17,Finance,2.0,139.0,1 Year,1.0,26.0,No,recoded_from_1,,,,0,0
1099,2020-06-26,Education,21.0,1065.0,1 Year,6.0,7.0,No,,,,,0,0
1100,2022-02-15,Healthcare,37.0,1873.0,Month-to-Month,1.0,15.0,Yes,,,,,0,0
1101,2021-06-13,Manufacturing,11.0,573.0,1 Year,4.0,28.0,No,,,,,0,0
1102,2020-01-21,Manufacturing,15.0,796.0,Month-to-Month,7.0,2.0,No,,,,,0,0
1103,2021-05-07,Tech,15.0,790.0,2 Year,0.0,22.0,No,,,,,0,0
1104,2021-08-25,Healthcare,18.0,908.0,1 Year,3.0,22.0,No,,,,,0,0
1105,2022-08-27,Healthcare,24.0,1250.0,2 Year,4.0,11.0,No,,,,,0,0
1106,2021-12-21,Finance,33.0,1688.0,1 Year,0.0,9.0,No,,,,,0,0
1107,2021-10-08,Finance,18.0,895.0,2 Year,3.0,17.0,No,,,,,0,0
1108,2021-03-19,Manufacturing,34.0,1741.0,1 Year,3.0,23.0,No,,,,,0,0
1109,2021-08-02,Education,2.0,92.0,Month-to-Month,4.0,9.0,Yes,,,,,0,0
1110,2022-12-29,Education,16.0,796.0,1 Year,3.0,1.0,No,,,,,0,0
1111,2020-09-15,Retail,29.0,1492.0,Month-to-Month,1.0,27.0,Yes,,,,,0,0
1112,2022-09-07,Retail,6.0,336.0,1 Year,3.0,5.0,No,recoded_from_1,,,,0,0
1113,2020-08-21,Tech,23.0,1138.0,1 Year,0.0,15.0,No,,,,,0,0
1114,2020-11-06,Tech,10.0,499.0,2 Year,0.0,30.0,No,,,,,0,0
1115,2022-05-02,Manufacturing,8.0,408.0,2 Year,1.0,12.0,No,,,,,0,0
1116,2022-05-28,Finance,17.0,869.0,2 Year,0.0,19.0,No,,,,,0,0
1117,2021-03-08,Tech,9.0,463.0,2 Year,1.0,2.0,No,,,,,0,0
1118,2020-11-16,Tech,19.0,930.0,1 Year,2.0,,No,,,,negative_set_to_missing,0,0
1119,2021-04-19,Education,10.0,516.0,2 Year,2.0,9.0,No,,,,,0,0
1120,2021-04-23,Retail,5.0,263.0,2 Year,0.0,18.0,No,,,,,0,0
1121,2020-08-23,Finance,30.0,1549.0,Month-to-Month,2.0,20.0,No,,,,,0,0
1122,2020-05-26,Manufacturing,6.0,287.0,Month-to-Month,0.0,25.0,No,,,,,1,0
1123,2021-08-14,Healthcare,8.0,436.0,Month-to-Month,1.0,14.0,No,,,,,0,0
1124,2022-10-21,Education,4.0,249.0,1 Year,0.0,,Yes,,,,negative_set_to_missing,0,0
1125,2021-10-22,Manufacturing,19.0,962.0,Month-to-Month,0.0,2.0,No,,,,,1,0
1126,2020-02-12,Manufacturing,31.0,1564.0,2 Year,3.0,1.0,No,,,,,0,0
1127,2022-06-24,Tech,7.0,365.0,Month-to-Month,3.0,18.0,No,,,,,0,0
1128,2022-08-20,Finance,4.0,224.0,1 Year,0.0,10.0,No,,,,,0,0
1129,2021-11-06,Manufacturing,11.0,582.0,2 Year,1.0,15.0,No,,,,,0,0
1130,2020-03-16,Manufacturing,9.0,488.0,Month-to-Month,1.0,10.0,Yes,,,,,0,0
1131,2020-01-03,Healthcare,27.0,1399.0,1 Year,4.0,13.0,Yes,,,,,0,0
1132,2022-10-17,Retail,24.0,1236.0,Month-to-Month,2.0,6.0,Yes,,,,,0,0
1133,2022-09-19,Finance,6.0,295.0,Month-to-Month,1.0,20.0,No,,,,,0,0
1134,2021-09-28,Retail,20.0,1050.0,Month-to-Month,0.0,17.0,Yes,,,,,0,0
1135,2020-08-28,Healthcare,26.0,1299.0,1 Year,2.0,29.0,No,,,,,0,0
1136,2022-04-30,Finance,3.0,191.0,1 Year,0.0,7.0,No,,,,,0,0
1137,2022-11-06,Healthcare,33.0,1647.0,Month-to-Month,4.0,8.0,No,,,,,0,0
1138,2022-11-05,Manufacturing,10.0,514.0,Month-to-Month,3.0,9.0,No,,,,,0,0
1139,2022-09-29,Manufacturing,18.0,899.0,1 Year,0.0,17.0,No,,,,,0,0
1140,2022-02-11,Manufacturing,17.0,888.0,1 Year,2.0,27.0,No,,,,,0,0
1141,2022-02-23,Retail,10.0,509.0,1 Year,1.0,1.0,No,,,,,0,0
1142,2022-03-01,Manufacturing,25.0,1249.0,1 Year,3.0,30.0,Yes,,,,,0,0
1143,2021-11-10,Education,13.0,642.0,1 Year,2.0,3.0,No,,,,,0,0
1144,2020-10-22,Healthcare,39.0,1982.0,2 Year,2.0,4.0,No,,,,,0,0
1145,2021-11-24,Manufacturing,31.0,1580.0,2 Year,0.0,2.0,No,,,,,0,0
1146,2022-02-17,Manufacturing,17.0,870.0,2 Year,2.0,22.0,No,recoded_from_1,,,,0,0
1147,2020-03-14,Finance,24.0,1188.0,Month-to-Month,2.0,20.0,No,,,,,0,0
1148,2020-07-04,Retail,38.0,1935.0,Month-to-Month,2.0,24.0,No,,,,,0,0
1149,2020-12-06,Healthcare,44.0,2218.0,Month-to-Month,2.0,1.0,Yes,,,,,0,0
1150,2022-06-01,Finance,22.0,1098.0,Month-to-Month,0.0,16.0,No,,,,,0,0
1151,2020-12-14,Finance,39.0,1952.0,Month-to-Month,2.0,19.0,No,,,,,0,0
1152,2022-10-16,Education,11.0,548.0,Month-to-Month,2.0,14.0,No,,,,,0,0
1153,2020-01-20,Manufacturing,6.0,339.0,1 Year,2.0,21.0,Yes,,,,,0,0
1154,2021-09-04,Retail,10.0,534.0,Unknown,1.0,8.0,No,,,,,0,1
1155,2022-09-16,Education,72.0,3593.0,Month-to-Month,6.0,12.0,No,,,,,0,0
1156,2021-08-27,Education,18.0,882.0,2 Year,5.0,12.0,No,,,,,0,0
1157,2020-04-10,Healthcare,75.0,3793.0,1 Year,0.0,24.0,No,,,,,0,0
1158,2021-03-24,Education,24.0,1204.0,Unknown,1.0,8.0,No,,,,,0,1
1159,2020-10-07,Tech,6.0,292.0,2 Year,2.0,20.0,Yes,,,,,0,0
1160,2022-01-17,Finance,3.0,146.0,Month-to-Month,1.0,29.0,No,,,,,0,0
1161,2021-02-15,Healthcare,5.0,246.0,2 Year,3.0,28.0,No,,,,,0,0
1162,2020-12-02,Healthcare,14.0,712.0,1 Year,1.0,30.0,No,,,,,0,0
1163,2020-08-23,Education,6.0,339.0,Month-to-Month,1.0,4.0,No,,,,,0,0
1164,2022-03-24,Retail,24.0,1226.0,Month-to-Month,3.0,25.0,Yes,,,,,0,0
1165,2022-01-24,Tech,8.0,413.0,2 Year,1.0,12.0,No,,,,,0,0
1166,2021-04-23,Manufacturing,26.0,1340.0,Month-to-Month,2.0,19.0,No,,,,,0,0
1167,2021-03-29,Education,13.0,638.0,2 Year,2.0,26.0,No,,,,,0,0
1168,2022-04-16,Retail,44.0,2194.0,Month-to-Month,3.0,1.0,No,,,,,0,0
1169,2020-08-25,Healthcare,29.0,1442.0,Month-to-Month,0.0,28.0,No,,,,,0,0
1170,2022-05-08,Retail,4.0,199.0,1 Year,2.0,20.0,No,,,,,0,0
1171,2021-07-26,Finance,9.0,434.0,2 Year,0.0,11.0,No,,,,,0,0
1172,2022-01-12,Healthcare,8.0,392.0,2 Year,2.0,11.0,No,,,,,0,0
1173,2020-05-04,Retail,12.0,630.0,1 Year,5.0,6.0,No,,,,,0,0
1174,2020-07-06,Finance,13.0,657.0,2 Year,1.0,20.0,Yes,,,,,0,0
1175,2020-09-14,Finance,3.0,156.0,Month-to-Month,2.0,26.0,Yes,,,,,0,0
1176,2021-11-03,Finance,51.0,2548.0,2 Year,2.0,0.0,No,,,,,0,0
1177,2021-05-28,Finance,38.0,1902.0,Month-to-Month,3.0,21.0,Yes,,,,,0,0
1178,2021-10-25,Manufacturing,32.0,1582.0,Month-to-Month,1.0,8.0,Yes,,,,,0,0
1179,2020-08-20,Tech,16.0,788.0,1 Year,2.0,14.0,No,,,,,0,0
1180,2022-07-14,Education,18.0,944.0,Month-to-Month,1.0,30.0,No,recoded_from_1,,,,0,0
1181,2022-12-03,Retail,14.0,718.0,Unknown,0.0,20.0,No,,,,,0,1
1182,2022-04-02,Tech,3.0,184.0,2 Year,2.0,3.0,No,,,,,0,0
1183,2020-06-14,Manufacturing,24.0,1221.0,2 Year,1.0,4.0,Yes,,,,,0,0
1184,2021-10-27,Retail,20.0,1028.0,2 Year,1.0,,No,,,,negative_set_to_missing,0,0
1185,2020-07-22,Finance,32.0,1594.0,2 Year,2.0,20.0,No,,,,,0,0
1186,2022-05-30,Retail,12.0,637.0,Month-to-Month,1.0,13.0,No,,,,,0,0
1187,2020-07-13,Finance,19.0,970.0,1 Year,2.0,10.0,No,,,,,0,0
1188,2022-08-29,Education,7.0,338.0,Unknown,3.0,26.0,No,,,,,0,1
1189,2022-02-02,Healthcare,78.0,3896.0,2 Year,1.0,1.0,No,,,,,0,0
1190,2020-09-07,Education,76.0,3832.0,1 Year,1.0,27.0,No,,,,,0,0
1191,2020-04-15,Finance,15.0,766.0,2 Year,3.0,9.0,No,,,,,0,0
1192,2020-11-12,Healthcare,27.0,1391.0,Month-to-Month,2.0,27.0,No,,,,,0,0
1193,2020-08-23,Manufacturing,10.0,515.0,2 Year,0.0,7.0,No,,,,,0,0
1194,2020-02-23,Healthcare,15.0,764.0,Month-to-Month,5.0,5.0,No,,,,,0,0
1195,2021-12-19,Tech,26.0,1280.0,Month-to-Month,1.0,27.0,No,,,,,0,0
1196,2020-10-17,Retail,22.0,1083.0,Month-to-Month,2.0,23.0,No,,,,,0,0
1197,2021-11-29,Manufacturing,19.0,950.0,1 Year,0.0,9.0,No,,,,,1,0
1198,2020-06-22,Healthcare,17.0,836.0,Month-to-Month,1.0,5.0,Yes,,,,,0,0
1199,2022-06-26,Manufacturing,17.0,884.0,1 Year,1.0,,No,,,,negative_set_to_missing,0,0
1200,2020-08-21,Retail,19.0,974.0,1 Year,1.0,3.0,No,,,,,0,0
1201,2022-12-15,Tech,11.0,569.0,Month-to-Month,3.0,7.0,No,,,,,0,0
1202,2021-02-22,Tech,20.0,1018.0,Month-to-Month,0.0,24.0,Yes,,,,,0,0
1203,2020-01-16,Education,30.0,1543.0,2 Year,0.0,13.0,No,,,,,0,0
1204,2021-04-16,Retail,17.0,894.0,2 Year,4.0,26.0,No,,,,,0,0
1205,2020-03-27,Manufacturing,34.0,1735.0,Month-to-Month,5.0,14.0,No,,,,,0,0
1206,2022-05-29,Tech,7.0,381.0,2 Year,1.0,20.0,No,,,,,0,0
1207,2021-10-27,Tech,29.0,1451.0,2 Year,1.0,14.0,No,,,,,0,0
1208,2022-06-13,Retail,2.0,93.0,Month-to-Month,3.0,13.0,No,,,,,0,0
1209,2021-09-27,Tech,5.0,273.0,Month-to-Month,4.0,10.0,Yes,,,,,0,0
1210,2022-12-22,Education,18.0,945.0,Month-to-Month,1.0,28.0,No,,,,,0,0
1211,2020-10-29,Education,23.0,1160.0,Month-to-Month,1.0,4.0,Yes,,,,,0,0
1212,2020-06-03,Manufacturing,9.0,452.0,2 Year,5.0,15.0,No,,,,,0,0
1213,2022-07-08,Retail,37.0,1871.0,2 Year,1.0,10.0,No,,,,,0,0
1214,2021-09-12,Retail,10.0,515.0,2 Year,3.0,1.0,No,,,,,0,0
1215,2022-07-14,Manufacturing,26.0,1284.0,Month-to-Month,1.0,11.0,Yes,,,,,0,0
1216,2022-11-04,Tech,20.0,1029.0,1 Year,1.0,18.0,No,,,,,0,0
1217,2022-07-10,Tech,21.0,1054.0,1 Year,1.0,19.0,No,,,,,0,0
1218,2022-07-11,Tech,16.0,793.0,1 Year,2.0,22.0,No,,,,,0,0
1219,2021-05-22,Healthcare,52.0,2636.0,1 Year,3.0,16.0,No,,,,,0,0
1220,2021-08-02,Education,40.0,2029.0,1 Year,3.0,24.0,No,,,,,0,0
1221,2021-11-16,Healthcare,5.0,238.0,1 Year,6.0,3.0,No,,,,,0,0
1222,2020-11-03,Healthcare,14.0,722.0,Unknown,1.0,18.0,No,,,,,0,1
1223,2022-03-13,Retail,18.0,896.0,2 Year,2.0,22.0,No,,,,,0,0
1224,2021-11-03,Education,29.0,1446.0,2 Year,2.0,22.0,No,,,,,0,0
1225,2022-12-14,Healthcare,3.0,141.0,2 Year,1.0,21.0,No,,,,,0,0
1226,2021-09-24,Finance,20.0,1003.0,Month-to-Month,0.0,10.0,No,,,,,1,0
1227,2020-10-08,Education,46.0,2299.0,Month-to-Month,1.0,9.0,Yes,,,,,0,0
1228,2022-12-14,Manufacturing,34.0,1684.0,2 Year,2.0,10.0,No,,,,,0,0
1229,2022-02-10,Finance,6.0,299.0,Month-to-Month,4.0,5.0,No,,,,,0,0
1230,2022-06-15,Retail,46.0,2285.0,1 Year,1.0,11.0,No,,,,,0,0
1231,2021-08-06,Retail,15.0,787.0,Month-to-Month,2.0,17.0,No,,,,,0,0
1232,2021-02-01,Healthcare,26.0,1327.0,2 Year,0.0,30.0,No,,,,,0,0
1233,2022-02-21,Manufacturing,32.0,1644.0,2 Year,3.0,13.0,No,,,,,0,0
1234,2020-10-10,Tech,26.0,1312.0,Month-to-Month,0.0,20.0,No,,,,,1,0
1235,2022-11-22,Manufacturing,15.0,745.0,1 Year,2.0,2.0,No,,,,,0,0
1236,2020-10-28,Healthcare,5.0,285.0,Month-to-Month,2.0,30.0,No,,,,,0,0
1237,2020-02-24,Healthcare,43.0,2183.0,Month-to-Month,5.0,12.0,Yes,,,,,0,0
1238,2021-04-04,Healthcare,38.0,1883.0,1 Year,0.0,29.0,No,,,,,0,0
1239,2020-10-26,Finance,23.0,1147.0,Month-to-Month,2.0,9.0,No,,,,,0,0
1240,2022-08-18,Finance,8.0,437.0,2 Year,2.0,0.0,Yes,,,,,0,0
1241,2022-12-16,Finance,16.0,834.0,Month-to-Month,0.0,24.0,Yes,,,,,0,0
1242,2022-05-09,Manufacturing,14.0,738.0,Month-to-Month,2.0,3.0,No,,,,,0,0
1243,2020-02-03,Tech,9.0,495.0,2 Year,1.0,7.0,No,,,,,0,0
1244,2021-12-23,Manufacturing,7.0,360.0,2 Year,2.0,13.0,No,,,,,0,0
1245,2022-01-08,Manufacturing,16.0,788.0,2 Year,2.0,17.0,No,,,,,0,0
1246,2020-02-11,Healthcare,19.0,979.0,1 Year,1.0,1.0,No,,,,,0,0
1247,2020-02-03,Tech,1.0,75.0,Month-to-Month,1.0,11.0,No,,,,,0,0
1248,2021-11-11,Finance,52.0,2597.0,Month-to-Month,1.0,11.0,No,,,,,0,0
1249,2022-08-09,Retail,26.0,1341.0,2 Year,2.0,5.0,No,,,,,0,0
1250,2020-03-16,Healthcare,52.0,2617.0,Month-to-Month,4.0,1.0,No,,,,,0,0
1251,2021-09-27,Education,21.0,1095.0,1 Year,3.0,26.0,No,,,,,0,0
1252,2021-01-26,Healthcare,50.0,2516.0,1 Year,0.0,27.0,No,,,,,0,0
1253,2021-07-13,Retail,19.0,945.0,1 Year,2.0,13.0,No,,,,,0,0
1254,2021-11-25,Manufacturing,24.0,1203.0,1 Year,3.0,22.0,No,,,,,0,0
1255,2021-06-30,Finance,10.0,490.0,Unknown,2.0,13.0,No,,,,,0,1
1256,2021-08-24,Retail,10.0,521.0,Month-to-Month,1.0,2.0,No,,,,,0,0
1257,2022-05-22,Manufacturing,19.0,951.0,2 Year,3.0,14.0,Yes,,,,,0,0
1258,2022-06-09,Retail,3.0,165.0,2 Year,4.0,25.0,Yes,,,,,0,0
1259,2022-01-14,Education,58.0,2945.0,2 Year,2.0,21.0,Yes,,,,,0,0
1260,2022-06-16,Healthcare,41.0,2034.0,Month-to-Month,2.0,2.0,No,,,,,0,0
1261,2022-02-23,Healthcare,28.0,1384.0,2 Year,3.0,4.0,No,,,,,0,0
1262,2022-06-28,Education,24.0,1189.0,2 Year,2.0,4.0,No,,,,,0,0
1263,2021-07-24,Retail,12.0,611.0,Month-to-Month,2.0,0.0,No,,,,,0,0
1264,2020-08-29,Healthcare,4.0,213.0,1 Year,0.0,22.0,No,,,,,0,0
1265,2022-10-02,Education,36.0,1805.0,Month-to-Month,1.0,4.0,No,,,,,0,0
1266,2022-06-30,Healthcare,20.0,991.0,2 Year,2.0,30.0,No,,,,,0,0
1267,2020-05-12,Education,12.0,650.0,2 Year,5.0,9.0,No,,,,,0,0
1268,2020-12-22,Finance,12.0,626.0,2 Year,1.0,7.0,No,recoded_from_1,,,,0,0
1269,2021-04-29,Manufacturing,15.0,793.0,Month-to-Month,1.0,11.0,No,,,,,0,0
1270,2020-09-22,Retail,16.0,791.0,Month-to-Month,2.0,9.0,No,,,,,0,0
1271,2022-12-12,Education,10.0,532.0,1 Year,2.0,26.0,Yes,,,,,0,0
1272,2020-05-31,Education,16.0,837.0,1 Year,3.0,21.0,Yes,,,,,0,0
1273,2021-01-07,Tech,60.0,2996.0,1 Year,0.0,16.0,No,,,,,1,0
1274,2022-11-27,Finance,14.0,699.0,1 Year,2.0,5.0,No,,,,,0,0
1275,2021-12-09,Manufacturing,9.0,496.0,1 Year,1.0,27.0,No,,,,,0,0
1276,2021-07-16,Finance,55.0,2746.0,2 Year,5.0,9.0,Yes,,,,,0,0
1277,2020-11-11,Manufacturing,35.0,1751.0,Unknown,3.0,19.0,No,,,,,0,1
1278,2020-03-25,Healthcare,37.0,1833.0,Month-to-Month,0.0,1.0,No,,,,,1,0
1279,2021-03-07,Manufacturing,15.0,783.0,2 Year,4.0,20.0,Yes,,,,,0,0
1280,2021-08-16,Healthcare,21.0,1068.0,1 Year,5.0,7.0,No,,,,,0,0
1281,2022-07-17,Retail,18.0,889.0,2 Year,1.0,1.0,No,,,,,0,0
1282,2021-02-21,Education,6.0,323.0,2 Year,0.0,4.0,No,,,,,1,0
1283,2021-12-08,Healthcare,9.0,481.0,Month-to-Month,0.0,,No,,,,negative_set_to_missing,0,0
1284,2021-05-10,Healthcare,4.0,239.0,Month-to-Month,3.0,8.0,Yes,,,,,0,0
1285,2022-02-25,Manufacturing,17.0,883.0,Month-to-Month,0.0,30.0,Yes,,,,,0,0
1286,2021-10-02,Healthcare,35.0,1754.0,Month-to-Month,2.0,15.0,No,,,,,0,0
1287,2022-10-15,Finance,68.0,3382.0,Month-to-Month,3.0,30.0,No,,,,,0,0
1288,2021-03-16,Education,27.0,1375.0,Month-to-Month,0.0,1.0,No,,,,,0,0
1289,2022-08-21,Healthcare,28.0,1416.0,2 Year,1.0,0.0,No,,,,,0,0
1290,2022-01-19,Finance,20.0,1031.0,1 Year,1.0,1.0,No,recoded_from_1,,,,0,0
1291,2022-01-12,Manufacturing,2.0,150.0,1 Year,2.0,2.0,No,,,,,0,0
1292,2021-07-26,Healthcare,15.0,745.0,Month-to-Month,2.0,3.0,No,,,,,0,0
1293,2022-01-18,Tech,6.0,298.0,Month-to-Month,1.0,19.0,No,,,,,0,0
1294,2020-03-20,Finance,13.0,647.0,2 Year,1.0,10.0,No,,,,,0,0
1295,2022-11-21,Manufacturing,23.0,1147.0,1 Year,0.0,29.0,No,,,,,1,0
1296,2021-09-04,Manufacturing,23.0,1173.0,2 Year,3.0,26.0,No,,,,,0,0
1297,2021-09-05,Manufacturing,18.0,940.0,Month-to-Month,3.0,11.0,Yes,,,,,0,0
1298,2021-09-22,Manufacturing,28.0,1383.0,2 Year,3.0,15.0,No,,,,,0,0
1299,2021-04-11,Manufacturing,9.0,436.0,2 Year,2.0,15.0,No,,,,,0,0
1300,2022-02-17,Tech,26.0,1298.0,2 Year,0.0,7.0,Yes,,,,,0,0
1301,2021-01-25,Finance,22.0,1082.0,1 Year,3.0,10.0,No,,,,,0,0
1302,2022-04-20,Education,43.0,2194.0,2 Year,1.0,29.0,No,,,,,0,0
1303,2020-05-07,Retail,3.0,147.0,2 Year,2.0,6.0,No,,,,,0,0
1304,2022-12-12,Healthcare,25.0,1278.0,1 Year,0.0,30.0,No,,,,,0,0
1305,2021-12-26,Manufacturing,47.0,2363.0,2 Year,2.0,15.0,No,,,,,0,0
1306,2021-09-03,Education,9.0,458.0,1 Year,1.0,24.0,No,recoded_from_1,,,,0,0
1307,2022-09-28,Education,5.0,270.0,1 Year,1.0,11.0,No,,,,,0,0
1308,2021-07-14,Retail,21.0,1066.0,Month-to-Month,1.0,18.0,No,,,,,0,0
1309,2021-12-07,Healthcare,29.0,1448.0,1 Year,4.0,1.0,No,,,,,0,0
1310,2022-06-24,Healthcare,17.0,862.0,2 Year,1.0,15.0,No,,,,,0,0
1311,2021-07-10,Tech,9.0,447.0,Month-to-Month,1.0,19.0,No,,,,,0,0
1312,2022-12-23,Retail,46.0,2308.0,2 Year,3.0,7.0,No,,,,,0,0
1313,2020-07-24,Retail,13.0,647.0,Month-to-Month,3.0,30.0,No,,,,,0,0
1314,2022-09-01,Healthcare,17.0,891.0,2 Year,0.0,6.0,No,,,,,0,0
1315,2020-05-01,Tech,38.0,1891.0,2 Year,0.0,18.0,No,,,,,0,0
1316,2020-12-24,Retail,24.0,1233.0,Month-to-Month,0.0,29.0,No,,,,,0,0
1317,2022-10-11,Tech,25.0,1253.0,2 Year,1.0,30.0,No,,,,,0,0
1318,2020-01-19,Healthcare,2.0,118.0,2 Year,3.0,19.0,No,,,,,0,0
1319,2022-07-19,Manufacturing,24.0,1249.0,2 Year,4.0,15.0,No,,,,,0,0
1320,2022-08-16,Education,11.0,564.0,Month-to-Month,4.0,25.0,Yes,,,,,0,0
1321,2021-06-10,Finance,36.0,1803.0,Month-to-Month,1.0,23.0,Yes,,,,,0,0
1322,2020-12-25,Tech,17.0,881.0,1 Year,1.0,16.0,No,,,,,0,0
1323,2021-01-13,Finance,16.0,797.0,1 Year,4.0,10.0,Yes,,,,,0,0
1324,2022-07-03,Healthcare,1.0,64.0,1 Year,1.0,9.0,No,,,,,0,0
1325,2022-01-06,Education,17.0,860.0,Month-to-Month,0.0,21.0,Yes,recoded_from_1,,,,0,0
1326,2022-10-26,Healthcare,17.0,869.0,2 Year,1.0,3.0,No,,,,,0,0
1327,2021-03-28,Manufacturing,24.0,1208.0,Month-to-Month,1.0,15.0,No,,,,,0,0
1328,2022-02-04,Education,5.0,283.0,2 Year,1.0,17.0,No,,,,,0,0
1329,2021-03-23,Manufacturing,25.0,1261.0,2 Year,2.0,24.0,No,,,,,0,0
1330,2022-07-03,Tech,10.0,547.0,2 Year,1.0,11.0,No,,,,,0,0
1331,2022-11-01,Manufacturing,11.0,555.0,2 Year,0.0,17.0,No,,,,,0,0
1332,2022-06-23,Manufacturing,18.0,894.0,2 Year,2.0,6.0,No,,,,,0,0
1333,2022-07-01,Tech,16.0,787.0,1 Year,1.0,4.0,No,,,,,0,0
1334,2022-08-04,Education,15.0,769.0,2 Year,2.0,0.0,No,,,,,0,0
1335,2021-03-22,Tech,32.0,1589.0,Month-to-Month,1.0,13.0,Yes,,,,,0,0
1336,2022-08-24,Education,10.0,484.0,1 Year,2.0,13.0,No,,,,,0,0
1337,2022-05-10,Retail,1.0,77.0,1 Year,1.0,14.0,No,,,,,0,0
1338,2020-06-13,Retail,6.0,349.0,Month-to-Month,2.0,20.0,Yes,,,,,0,0
1339,2022-12-19,Healthcare,16.0,796.0,2 Year,1.0,7.0,No,,,,,0,0
1340,2022-08-06,Retail,14.0,749.0,1 Year,3.0,17.0,No,,,,,0,0
1341,2021-12-09,Tech,49.0,2449.0,1 Year,3.0,6.0,No,,,,,0,0
1342,2020-03-06,Finance,27.0,1383.0,2 Year,5.0,24.0,No,,,,,0,0
1343,2021-02-26,Education,11.0,538.0,Month-to-Month,0.0,19.0,Yes,,,,,0,0
1344,2020-04-09,Finance,5.0,261.0,2 Year,2.0,1.0,No,,,,,0,0
1345,2020-04-25,Manufacturing,17.0,847.0,2 Year,1.0,9.0,No,,,,,0,0
1346,2021-10-15,Manufacturing,4.0,221.0,Month-to-Month,2.0,9.0,No,,,,,0,0
1347,2021-03-28,Education,7.0,382.0,1 Year,0.0,8.0,Yes,,,,,0,0
1348,2020-12-24,Education,37.0,1884.0,2 Year,0.0,15.0,Yes,,,,,1,0
1349,2022-02-19,Retail,27.0,1397.0,1 Year,4.0,22.0,No,,,,,0,0
1350,2021-01-11,Education,12.0,648.0,1 Year,3.0,7.0,No,,,,,0,0
1351,2020-10-22,Manufacturing,13.0,689.0,Month-to-Month,4.0,17.0,No,,,,,0,0
1352,2020-10-01,Retail,28.0,1429.0,Month-to-Month,0.0,8.0,No,,,,,0,0
1353,2022-01-29,Education,25.0,1241.0,2 Year,2.0,23.0,Yes,,,,,0,0
1354,2020-03-21,Manufacturing,2.0,89.0,Month-to-Month,2.0,25.0,No,,,,,0,0
1355,2021-03-20,Finance,2.0,141.0,Month-to-Month,3.0,27.0,Yes,,,,,0,0
1356,2021-01-24,Education,14.0,695.0,2 Year,5.0,24.0,Yes,,,,,0,0
1357,2021-02-22,Retail,20.0,1030.0,Month-to-Month,2.0,17.0,No,,,,,0,0
1358,2022-12-28,Retail,15.0,775.0,1 Year,2.0,8.0,No,,,,,0,0
1359,2020-07-20,Tech,15.0,790.0,1 Year,3.0,29.0,No,,,,,0,0
1360,2021-03-29,Education,25.0,1248.0,Month-to-Month,3.0,8.0,No,,,,,0,0
1361,2022-05-05,Finance,2.0,117.0,Month-to-Month,0.0,6.0,No,,,,,0,0
1362,2022-10-19,Retail,29.0,1500.0,2 Year,0.0,30.0,No,,,,,0,0
1363,2022-10-01,Retail,7.0,388.0,Month-to-Month,2.0,23.0,Yes,,,,,0,0
1364,2021-01-11,Tech,27.0,1399.0,2 Year,3.0,30.0,Yes,,,,,0,0
1365,2020-04-09,Education,43.0,2130.0,1 Year,0.0,4.0,No,,,,,0,0
1366,2020-11-05,Education,8.0,381.0,Month-to-Month,1.0,16.0,Yes,,,,,0,0
1367,2022-09-16,Tech,26.0,1342.0,Month-to-Month,3.0,0.0,No,,,,,0,0
1368,2022-12-20,Education,50.0,2515.0,2 Year,2.0,9.0,Yes,,,,,0,0
1369,2022-05-31,Manufacturing,12.0,602.0,Month-to-Month,0.0,29.0,Yes,,,,,0,0
1370,2022-12-14,Retail,3.0,162.0,1 Year,0.0,8.0,No,,,,,0,0
1371,2022-07-29,Tech,38.0,1911.0,2 Year,2.0,7.0,No,,,,,0,0
1372,2020-03-05,Education,45.0,2241.0,1 Year,3.0,12.0,No,,,,,0,0
1373,2020-01-20,Healthcare,58.0,2901.0,Month-to-Month,1.0,15.0,No,,,,,0,0
1374,2020-07-14,Manufacturing,14.0,747.0,Month-to-Month,0.0,7.0,No,,,,,1,0
1375,2022-08-31,Manufacturing,11.0,564.0,Month-to-Month,2.0,29.0,No,,,,,0,0
1376,2020-03-08,Education,23.0,1152.0,1 Year,5.0,0.0,No,,,,,0,0
1377,2022-03-26,Retail,4.0,189.0,1 Year,2.0,5.0,No,,,,,0,0
1378,2021-11-10,Tech,54.0,2729.0,2 Year,1.0,4.0,No,,,,,0,0
1379,2022-10-22,Healthcare,45.0,2274.0,Month-to-Month,0.0,3.0,No,,,,,0,0
1380,2022-03-23,Retail,10.0,521.0,Month-to-Month,2.0,20.0,No,,,,,0,0
1381,2021-04-12,Manufacturing,28.0,1425.0,2 Year,3.0,30.0,No,,,,,0,0
1382,2022-02-17,Tech,5.0,240.0,2 Year,0.0,9.0,No,,,,,0,0
1383,2021-07-02,Retail,14.0,699.0,1 Year,1.0,22.0,No,,,,,0,0
1384,2021-10-10,Retail,22.0,1126.0,Month-to-Month,1.0,2.0,Yes,,,,,0,0
1385,2022-01-07,Manufacturing,10.0,514.0,Month-to-Month,1.0,,No,,,,negative_set_to_missing,0,0
1386,2022-11-15,Manufacturing,21.0,1082.0,Month-to-Month,2.0,0.0,No,,,,,0,0
1387,2021-10-26,Education,13.0,679.0,Month-to-Month,0.0,9.0,No,,,,,0,0
1388,2021-05-12,Healthcare,10.0,546.0,Month-to-Month,1.0,21.0,Yes,,,,,0,0
1389,2022-10-06,Retail,16.0,798.0,Month-to-Month,2.0,5.0,No,,,,,0,0
1390,2020-06-06,Manufacturing,17.0,876.0,1 Year,0.0,30.0,No,,,,,0,0
1391,2021-02-04,Healthcare,24.0,1238.0,Month-to-Month,3.0,4.0,No,,,,,0,0
1392,2022-02-17,Education,6.0,322.0,1 Year,3.0,,No,,,,negative_set_to_missing,0,0
1393,2020-10-05,Healthcare,25.0,1268.0,1 Year,1.0,19.0,No,,,,,0,0
1394,2020-12-29,Manufacturing,26.0,1330.0,1 Year,1.0,9.0,No,,,,,0,0
1395,2021-05-11,Tech,11.0,571.0,1 Year,1.0,8.0,No,,,,,0,0
1396,2021-02-13,Education,22.0,1149.0,Month-to-Month,2.0,21.0,Yes,,,,,0,0
1397,2021-03-05,Retail,52.0,2636.0,1 Year,3.0,26.0,No,,,,,0,0
1398,2022-10-19,Education,26.0,1297.0,2 Year,3.0,9.0,No,,,,,0,0
1399,2022-05-16,Retail,59.0,2978.0,Month-to-Month,1.0,14.0,No,,,,,0,0
1400,2022-12-30,Healthcare,11.0,594.0,2 Year,1.0,13.0,No,,,,,0,0
1401,2020-06-23,Tech,7.0,343.0,Month-to-Month,3.0,21.0,Yes,,,,,0,0
1402,2022-03-29,Finance,30.0,1522.0,1 Year,1.0,3.0,Yes,,,,,0,0
1403,2022-11-11,Healthcare,15.0,796.0,2 Year,4.0,18.0,No,,,,,0,0
1404,2022-03-12,Tech,2.0,139.0,2 Year,3.0,18.0,No,,,,,0,0
1405,2022-09-15,Education,19.0,943.0,1 Year,1.0,13.0,No,,,,,0,0
1406,2020-10-17,Retail,32.0,1624.0,1 Year,4.0,10.0,No,,,,,0,0
1407,2021-12-14,Tech,26.0,1340.0,Month-to-Month,2.0,14.0,No,,,,,0,0
1408,2021-09-06,Education,14.0,685.0,2 Year,0.0,3.0,Yes,,,,,0,0
1409,2020-08-11,Healthcare,5.0,251.0,2 Year,5.0,7.0,No,,,,,0,0
1410,2022-05-23,Education,6.0,339.0,Month-to-Month,1.0,25.0,Yes,,,,,0,0
1411,2022-06-04,Retail,22.0,1130.0,Month-to-Month,4.0,23.0,Yes,,,,,0,0
1412,2022-03-07,Tech,8.0,380.0,2 Year,3.0,6.0,No,,,,,0,0
1413,2020-07-27,Healthcare,25.0,1298.0,Month-to-Month,2.0,11.0,No,,,,,0,0
1414,2022-09-29,Manufacturing,39.0,1997.0,2 Year,1.0,10.0,No,,,,,0,0
1415,2020-08-21,Education,16.0,824.0,1 Year,0.0,27.0,No,,,,,0,0
1416,2021-09-01,Tech,10.0,490.0,2 Year,4.0,4.0,No,,,,,0,0
1417,2021-01-09,Finance,11.0,577.0,2 Year,3.0,4.0,No,,,,,0,0
1418,2022-02-24,Education,5.0,284.0,Month-to-Month,0.0,15.0,No,recoded_from_1,,,,0,0
1419,2020-12-20,Retail,37.0,1851.0,1 Year,3.0,9.0,No,,,,,0,0
1420,2020-04-19,Manufacturing,41.0,2075.0,Month-to-Month,1.0,15.0,No,,,,,0,0
1421,2022-11-01,Retail,33.0,1693.0,1 Year,4.0,21.0,No,,,,,0,0
1422,2022-09-27,Healthcare,26.0,1301.0,Month-to-Month,3.0,18.0,No,,,,,0,0
1423,2021-04-05,Retail,35.0,1798.0,1 Year,3.0,5.0,No,,,,,0,0
1424,2022-11-12,Healthcare,10.0,494.0,2 Year,3.0,3.0,No,,,,,0,0
1425,2020-03-26,Education,15.0,786.0,2 Year,2.0,6.0,No,,,,,0,0
1426,2021-05-21,Tech,30.0,1518.0,Month-to-Month,1.0,14.0,No,,,,,0,0
1427,2022-06-18,Healthcare,10.0,495.0,Month-to-Month,1.0,6.0,No,,,,,0,0
1428,2022-05-26,Tech,2.0,101.0,2 Year,1.0,4.0,No,,,,,0,0
1429,2021-12-19,Education,13.0,698.0,1 Year,0.0,19.0,No,,,,,0,0
1430,2021-08-22,Education,32.0,1617.0,2 Year,1.0,8.0,No,,,,,0,0
1431,2020-07-14,Education,49.0,2447.0,1 Year,1.0,29.0,Yes,,,,,0,0
1432,2020-09-16,Education,17.0,846.0,Month-to-Month,2.0,4.0,No,,,,,0,0
1433,2022-03-15,Retail,36.0,1842.0,Month-to-Month,5.0,18.0,No,,,,,0,0
1434,2022-07-14,Education,2.0,89.0,2 Year,4.0,25.0,Yes,,,,,0,0
1435,2021-07-23,Education,9.0,477.0,1 Year,2.0,30.0,No,,,,,0,0
1436,2020-07-09,Manufacturing,7.0,388.0,2 Year,4.0,21.0,No,,,,,0,0
1437,2022-03-25,Healthcare,17.0,857.0,1 Year,1.0,,No,,,,negative_set_to_missing,0,0
1438,2021-11-22,Healthcare,8.0,450.0,2 Year,0.0,4.0,No,,,,,0,0
1439,2020-04-09,Tech,4.0,185.0,Month-to-Month,2.0,20.0,No,,,,,0,0
1440,2020-11-19,Education,4.0,236.0,1 Year,1.0,0.0,No,,,,,0,0
1441,2020-09-27,Healthcare,15.0,768.0,Month-to-Month,0.0,27.0,Yes,,,,,0,0
1442,2021-05-27,Retail,34.0,1690.0,1 Year,3.0,21.0,No,,,,,0,0
1443,2021-09-17,Finance,10.0,509.0,1 Year,1.0,20.0,No,,,,,0,0
1444,2022-09-03,Tech,18.0,889.0,Month-to-Month,3.0,18.0,No,,,,,0,0
1445,2020-01-17,Finance,1.0,73.0,Month-to-Month,2.0,27.0,Yes,,,,,0,0
1446,2022-02-23,Healthcare,20.0,991.0,Unknown,4.0,25.0,No,,,,,0,1
1447,2020-10-07,Manufacturing,24.0,1228.0,Month-to-Month,0.0,20.0,Yes,,,,,0,0
1448,2020-01-18,Finance,47.0,2351.0,1 Year,2.0,11.0,No,,,,,0,0
1449,2022-04-23,Manufacturing,31.0,1586.0,Month-to-Month,2.0,2.0,Yes,,,,,0,0
1450,2022-02-25,Education,13.0,674.0,1 Year,3.0,10.0,No,,,,,0,0
1451,2020-06-21,Education,9.0,461.0,2 Year,5.0,19.0,No,,,,,0,0
1452,2020-02-24,Healthcare,5.0,268.0,Month-to-Month,1.0,16.0,Yes,,,,,0,0
1453,2020-04-21,Manufacturing,18.0,910.0,1 Year,1.0,12.0,No,,,,,0,0
1454,2020-05-25,Retail,18.0,947.0,Month-to-Month,4.0,11.0,Yes,,,,,0,0
1455,2022-01-18,Tech,6.0,349.0,2 Year,1.0,5.0,No,,,,,0,0
1456,2020-02-04,Retail,13.0,638.0,Month-to-Month,4.0,8.0,No,,,,,0,0
1457,2022-11-03,Education,42.0,2116.0,2 Year,3.0,22.0,No,,,,,0,0
1458,2022-04-03,Tech,6.0,290.0,2 Year,1.0,17.0,No,,,,,0,0
1459,2021-09-26,Manufacturing,11.0,540.0,2 Year,1.0,29.0,No,,,,,0,0
1460,2021-10-31,Education,39.0,1980.0,2 Year,0.0,,No,,,,negative_set_to_missing,0,0
1461,2020-05-15,Tech,41.0,2069.0,2 Year,0.0,13.0,No,,,,,1,0
1462,2021-05-15,Healthcare,10.0,491.0,1 Year,1.0,3.0,No,,,,,0,0
1463,2020-12-25,Healthcare,11.0,545.0,Unknown,2.0,22.0,Yes,,,,,0,1
1464,2022-12-07,Healthcare,16.0,846.0,2 Year,1.0,8.0,No,,,,,0,0
1465,2020-08-29,Healthcare,2.0,83.0,1 Year,0.0,25.0,No,,,,,0,0
1466,2020-06-06,Manufacturing,12.0,643.0,1 Year,5.0,16.0,No,,,,,0,0
1467,2020-12-07,Education,15.0,777.0,Month-to-Month,2.0,8.0,No,,,,,0,0
1468,2020-08-24,Finance,23.0,1159.0,2 Year,4.0,16.0,Yes,,,,,0,0
1469,2020-04-04,Tech,8.0,440.0,1 Year,1.0,12.0,No,,,,,0,0
1470,2022-05-08,Healthcare,9.0,458.0,1 Year,2.0,7.0,No,,,,,0,0
1471,2020-06-08,Manufacturing,14.0,727.0,Month-to-Month,4.0,16.0,Yes,,,,,0,0
1472,2020-04-04,Healthcare,6.0,331.0,Month-to-Month,1.0,28.0,Yes,,,,,0,0
1473,2020-06-25,Healthcare,11.0,600.0,1 Year,1.0,0.0,No,,,,,0,0
1474,2021-05-11,Finance,15.0,789.0,1 Year,4.0,18.0,No,,,,,0,0
1475,2021-05-17,Education,12.0,599.0,Month-to-Month,0.0,29.0,Yes,,,,,1,0
1476,2020-01-20,Education,20.0,1022.0,Month-to-Month,4.0,24.0,No,,,,,0,0
1477,2021-09-21,Tech,7.0,343.0,Month-to-Month,2.0,16.0,No,,,,,0,0
1478,2020-10-18,Manufacturing,9.0,465.0,Month-to-Month,5.0,1.0,No,,,,,0,0
1479,2022-04-25,Education,36.0,1827.0,1 Year,0.0,23.0,Yes,,,,,0,0
1480,2022-03-18,Finance,14.0,689.0,2 Year,3.0,18.0,Yes,,,,,0,0
1481,2021-04-29,Education,16.0,817.0,1 Year,2.0,27.0,No,,,,,0,0
1482,2021-10-30,Finance,12.0,620.0,1 Year,2.0,8.0,No,,,,,0,0
1483,2020-08-11,Tech,32.0,1599.0,Month-to-Month,0.0,5.0,No,,,,,0,0
1484,2022-01-03,Tech,24.0,1206.0,1 Year,2.0,9.0,No,,,,,0,0
1485,2020-11-18,Healthcare,29.0,1468.0,2 Year,3.0,22.0,No,,,,,0,0
1486,2020-10-30,Tech,28.0,1391.0,2 Year,0.0,7.0,No,,,,,0,0
1487,2021-09-04,Manufacturing,3.0,163.0,Month-to-Month,1.0,0.0,No,,,,,0,0
1488,2021-05-26,Tech,3.0,142.0,1 Year,1.0,,No,,,,negative_set_to_missing,0,0
1489,2020-05-06,Education,17.0,858.0,Month-to-Month,0.0,6.0,No,,,,,0,0
1490,2020-06-21,Retail,25.0,1263.0,Month-to-Month,2.0,0.0,Yes,,,,,0,0
1491,2020-09-20,Tech,14.0,691.0,1 Year,1.0,3.0,Yes,,,,,0,0
1492,2020-12-10,Retail,9.0,485.0,2 Year,0.0,12.0,No,,,,,1,0
1493,2020-12-19,Tech,3.0,175.0,Month-to-Month,4.0,29.0,Yes,,,,,0,0
1494,2021-05-18,Tech,15.0,767.0,1 Year,2.0,13.0,No,,,,,0,0
1495,2021-07-26,Manufacturing,9.0,479.0,Month-to-Month,3.0,13.0,No,,,,,0,0
1496,2021-05-25,Manufacturing,19.0,999.0,Month-to-Month,1.0,,No,,,,negative_set_to_missing,0,0
1497,2022-09-19,Tech,8.0,424.0,2 Year,1.0,16.0,No,,,,,0,0
1498,2021-10-15,Manufacturing,30.0,1508.0,Month-to-Month,0.0,28.0,Yes,,,,,0,0
1499,2022-01-02,Manufacturing,8.0,409.0,Month-to-Month,1.0,3.0,No,,,,,0,0
1500,2020-04-24,Finance,35.0,1758.0,2 Year,1.0,27.0,No,,,,,0,0
1501,2020-12-26,Manufacturing,29.0,1460.0,2 Year,0.0,10.0,No,,,,,0,0
1502,2020-02-27,Retail,7.0,375.0,2 Year,2.0,18.0,No,,,,,0,0
1503,2021-09-24,Finance,20.0,1002.0,1 Year,3.0,1.0,No,,,,,0,0
1504,2020-02-10,Finance,19.0,997.0,1 Year,2.0,,No,,,,negative_set_to_missing,0,0
1505,2021-11-28,Education,24.0,1202.0,1 Year,5.0,1.0,Yes,,,,,0,0
1506,2020-10-17,Education,8.0,394.0,2 Year,1.0,27.0,Yes,,,,,0,0
1507,2022-03-21,Education,22.0,1092.0,1 Year,2.0,9.0,No,,,,,0,0
1508,2022-06-13,Education,15.0,792.0,2 Year,1.0,10.0,No,,,,,0,0
1509,2021-12-31,Education,11.0,558.0,2 Year,2.0,18.0,No,,,,,0,0
1510,2021-08-26,Manufacturing,43.0,2146.0,Month-to-Month,2.0,23.0,Yes,,,,,0,0
1511,2022-03-12,Manufacturing,3.0,134.0,Month-to-Month,3.0,19.0,No,,,,,0,0
1512,2021-03-28,Healthcare,29.0,1443.0,1 Year,2.0,4.0,No,,,,,0,0
1513,2021-10-16,Education,7.0,351.0,2 Year,0.0,28.0,No,,,,,0,0
1514,2021-11-18,Healthcare,4.0,237.0,Month-to-Month,2.0,8.0,No,,,,,0,0
1515,2021-06-09,Education,3.0,143.0,2 Year,0.0,0.0,Yes,,,,,0,0
1516,2022-05-09,Retail,5.0,251.0,1 Year,2.0,15.0,No,,,,,0,0
1517,2020-07-26,Retail,15.0,791.0,2 Year,3.0,20.0,No,,,,,0,0
1518,2020-05-30,Tech,16.0,784.0,1 Year,3.0,0.0,No,,,,,0,0
1519,2021-12-01,Tech,13.0,651.0,1 Year,0.0,5.0,No,,,,,0,0
1520,2021-11-23,Manufacturing,19.0,991.0,2 Year,3.0,0.0,No,,,,,0,0
1521,2022-06-08,Retail,18.0,900.0,Month-to-Month,0.0,3.0,No,,,,,0,0
1522,2021-06-27,Manufacturing,17.0,866.0,1 Year,3.0,7.0,No,,,,,0,0
1523,2022-10-02,Education,12.0,599.0,Month-to-Month,1.0,11.0,No,,,,,0,0
1524,2022-09-10,Tech,14.0,705.0,Month-to-Month,1.0,0.0,No,,,,,0,0
1525,2022-08-27,Education,24.0,1194.0,1 Year,1.0,25.0,No,,,,,0,0
1526,2021-06-26,Retail,17.0,841.0,2 Year,1.0,17.0,No,,,,,0,0
1527,2022-01-26,Finance,22.0,1103.0,1 Year,3.0,1.0,No,,,,,0,0
1528,2021-07-04,Healthcare,42.0,2087.0,Month-to-Month,2.0,24.0,Yes,,,,,0,0
1529,2022-04-27,Retail,32.0,1609.0,2 Year,0.0,1.0,No,,,,,0,0
1530,2022-08-30,Education,15.0,760.0,1 Year,0.0,9.0,No,,,,,0,0
1531,2020-03-12,Manufacturing,8.0,444.0,2 Year,2.0,28.0,No,,,,,0,0
1532,2020-10-28,Finance,60.0,2995.0,1 Year,1.0,5.0,No,,,,,0,0
1533,2021-01-29,Finance,30.0,1496.0,Month-to-Month,2.0,13.0,No,,,,,0,0
1534,2020-10-29,Tech,9.0,463.0,1 Year,1.0,29.0,No,,,,,0,0
1535,2022-03-05,Tech,11.0,580.0,2 Year,3.0,10.0,No,,,,,0,0
1536,2022-12-06,Manufacturing,25.0,1283.0,Month-to-Month,2.0,13.0,No,,,,,0,0
1537,2020-07-24,Manufacturing,9.0,443.0,2 Year,3.0,24.0,No,,,,,0,0
1538,2021-12-05,Retail,18.0,932.0,1 Year,4.0,12.0,No,,,,,0,0
1539,2020-03-17,Education,52.0,2602.0,1 Year,2.0,12.0,No,,,,,0,0
1540,2022-04-02,Tech,14.0,684.0,1 Year,2.0,28.0,No,,,,,0,0
1541,2022-08-31,Healthcare,5.0,264.0,1 Year,2.0,0.0,No,,,,,0,0
1542,2021-07-28,Finance,25.0,1292.0,2 Year,0.0,21.0,No,,,,,0,0
1543,2021-09-07,Tech,61.0,3086.0,1 Year,1.0,8.0,No,,,,,0,0
1544,2021-01-19,Manufacturing,13.0,686.0,Month-to-Month,1.0,29.0,No,,,,,0,0
1545,2022-02-04,Manufacturing,9.0,437.0,2 Year,5.0,,No,,,,negative_set_to_missing,0,0
1546,2022-04-06,Finance,40.0,1997.0,2 Year,2.0,28.0,No,,,,,0,0
1547,2020-04-28,Education,9.0,461.0,Month-to-Month,0.0,14.0,Yes,,,,,0,0
1548,2021-02-11,Tech,10.0,515.0,1 Year,1.0,26.0,No,,,,,0,0
1549,2020-03-03,Retail,11.0,560.0,1 Year,3.0,15.0,No,,,,,0,0
1550,2021-12-17,Education,27.0,1374.0,Month-to-Month,1.0,26.0,No,,,,,0,0
1551,2020-07-04,Finance,14.0,716.0,Month-to-Month,2.0,12.0,Yes,,,,,0,0
1552,2021-03-29,Tech,31.0,1558.0,Unknown,1.0,6.0,No,,,,,0,1
1553,2020-01-19,Finance,12.0,640.0,Month-to-Month,0.0,20.0,No,,,,,1,0
1554,2021-05-31,Retail,23.0,1169.0,2 Year,4.0,30.0,No,,,,,0,0
1555,2021-12-15,Manufacturing,33.0,1688.0,1 Year,1.0,6.0,No,,,,,0,0
1556,2022-03-24,Healthcare,28.0,1393.0,Month-to-Month,1.0,16.0,No,,,,,0,0
1557,2021-08-01,Healthcare,27.0,1368.0,2 Year,2.0,3.0,No,,,,,0,0
1558,2021-10-27,Healthcare,1.0,65.0,1 Year,1.0,20.0,No,,,,,0,0
1559,2021-01-20,Retail,27.0,1349.0,2 Year,2.0,24.0,Yes,,,,,0,0
1560,2021-10-16,Healthcare,5.0,247.0,2 Year,2.0,0.0,No,,,,,0,0
1561,2022-05-07,Manufacturing,28.0,1431.0,1 Year,4.0,23.0,Yes,,,,,0,0
1562,2021-01-23,Retail,13.0,673.0,2 Year,2.0,22.0,No,,,,,0,0
1563,2022-01-04,Manufacturing,22.0,1144.0,1 Year,0.0,27.0,No,,,,,0,0
1564,2021-01-05,Manufacturing,42.0,2117.0,Month-to-Month,2.0,15.0,No,,,,,0,0
1565,2021-01-09,Healthcare,12.0,622.0,2 Year,4.0,2.0,No,,,,,0,0
1566,2022-05-11,Tech,20.0,1022.0,1 Year,5.0,8.0,No,,,,,0,0
1567,2022-08-21,Retail,10.0,486.0,2 Year,5.0,18.0,No,,,,,0,0
1568,2021-02-02,Retail,24.0,1244.0,Month-to-Month,2.0,27.0,No,,,,,0,0
1569,2020-04-20,Retail,27.0,1349.0,Month-to-Month,0.0,6.0,No,,,,,0,0
1570,2020-10-20,Education,30.0,1520.0,2 Year,0.0,5.0,No,,,,,0,0
1571,2020-12-28,Finance,3.0,170.0,2 Year,3.0,1.0,Yes,,,,,0,0
1572,2020-12-11,Retail,12.0,600.0,1 Year,2.0,25.0,Yes,,,,,0,0
1573,2022-05-29,Finance,20.0,1031.0,1 Year,0.0,30.0,Yes,,,,,1,0
1574,2022-02-03,Education,41.0,2031.0,1 Year,1.0,24.0,No,,,,,0,0
1575,2020-01-09,Retail,27.0,1361.0,Month-to-Month,2.0,22.0,Yes,,,,,0,0
1576,2022-10-27,Healthcare,12.0,619.0,Month-to-Month,2.0,2.0,No,,,,,0,0
1577,2022-07-22,Finance,12.0,646.0,2 Year,1.0,16.0,No,,,,,0,0
1578,2021-12-02,Retail,18.0,942.0,1 Year,3.0,24.0,No,,,,,0,0
1579,2020-02-09,Manufacturing,10.0,509.0,Month-to-Month,1.0,23.0,Yes,,,,,0,0
1580,2022-10-30,Retail,2.0,101.0,Month-to-Month,4.0,11.0,No,,,,,0,0
1581,2021-06-07,Tech,45.0,2298.0,2 Year,1.0,1.0,No,,,,,0,0
1582,2020-02-10,Manufacturing,11.0,536.0,2 Year,1.0,3.0,No,,,,,0,0
1583,2021-06-01,Tech,4.0,240.0,2 Year,0.0,4.0,No,,,,,0,0
1584,2021-09-08,Manufacturing,17.0,883.0,2 Year,3.0,3.0,No,,,,,0,0
1585,2020-10-07,Tech,3.0,183.0,Month-to-Month,0.0,16.0,Yes,,,,,1,0
1586,2022-10-16,Finance,9.0,455.0,2 Year,3.0,6.0,No,,,,,0,0
1587,2022-01-03,Finance,10.0,532.0,1 Year,2.0,5.0,Yes,,,,,0,0
1588,2022-09-11,Manufacturing,13.0,672.0,Month-to-Month,3.0,0.0,No,,,,,0,0
1589,2022-10-08,Tech,3.0,149.0,Month-to-Month,3.0,24.0,No,,,,,0,0
1590,2021-06-08,Finance,31.0,1559.0,1 Year,3.0,9.0,No,,,,,0,0
1591,2020-03-21,Tech,48.0,2417.0,1 Year,1.0,25.0,No,,,,,0,0
1592,2020-07-13,Healthcare,27.0,1335.0,Month-to-Month,1.0,27.0,No,,,,,0,0
1593,2022-01-02,Healthcare,15.0,786.0,2 Year,1.0,8.0,No,,,,,0,0
1594,2021-01-09,Retail,23.0,1144.0,1 Year,0.0,12.0,No,,,,,0,0
1595,2022-09-06,Education,16.0,833.0,2 Year,3.0,28.0,Yes,,,,,0,0
1596,2020-04-30,Manufacturing,14.0,700.0,Month-to-Month,1.0,13.0,No,,,,,0,0
1597,2022-06-16,Education,50.0,2503.0,2 Year,0.0,12.0,No,recoded_from_1,,,,1,0
1598,2020-09-24,Tech,41.0,2091.0,1 Year,2.0,3.0,No,,,,,0,0
1599,2021-06-19,Education,8.0,420.0,Month-to-Month,1.0,22.0,No,,,,,0,0
1600,2021-04-03,Retail,9.0,473.0,2 Year,3.0,16.0,No,,,,,0,0
1601,2021-05-24,Manufacturing,23.0,1191.0,1 Year,1.0,21.0,No,,,,,0,0
1602,2020-04-21,Retail,23.0,1131.0,2 Year,3.0,29.0,No,,,,,0,0
1603,2020-12-04,Tech,27.0,1339.0,1 Year,2.0,10.0,No,,,,,0,0
1604,2022-11-04,Tech,14.0,708.0,2 Year,4.0,20.0,No,,,,,0,0
1605,2022-07-29,Healthcare,10.0,536.0,2 Year,2.0,14.0,No,,,,,0,0
1606,2020-08-31,Retail,50.0,2543.0,2 Year,1.0,20.0,Yes,,,,,0,0
1607,2020-03-14,Manufacturing,9.0,500.0,Month-to-Month,1.0,26.0,No,,,,,0,0
1608,2021-09-15,Healthcare,16.0,845.0,2 Year,2.0,6.0,No,,,,,0,0
1609,2022-01-14,Manufacturing,13.0,636.0,Month-to-Month,1.0,27.0,No,,,,,0,0
1610,2022-08-26,Finance,13.0,676.0,2 Year,2.0,14.0,No,,,,,0,0
1611,2020-01-05,Manufacturing,6.0,323.0,1 Year,2.0,26.0,No,,,,,0,0
1612,2022-12-05,Education,6.0,327.0,2 Year,5.0,3.0,No,,,,,0,0
1613,2022-04-18,Retail,17.0,843.0,1 Year,1.0,19.0,No,,,,,0,0
1614,2021-03-17,Tech,1.0,88.0,Month-to-Month,2.0,22.0,No,,,,,0,0
1615,2020-09-09,Retail,22.0,1137.0,1 Year,4.0,21.0,No,,,,,0,0
1616,2020-01-09,Manufacturing,30.0,1547.0,2 Year,1.0,1.0,No,,,,,0,0
1617,2022-09-16,Finance,11.0,595.0,Month-to-Month,0.0,22.0,No,,,,,0,0
1618,2020-07-31,Retail,13.0,679.0,2 Year,2.0,19.0,No,,,,,0,0
1619,2022-05-07,Retail,9.0,461.0,1 Year,1.0,12.0,No,recoded_from_1,,,,0,0
1620,2020-09-30,Healthcare,5.0,247.0,1 Year,1.0,19.0,No,,,,,0,0
1621,2021-10-04,Healthcare,4.0,250.0,2 Year,4.0,6.0,No,,,,,0,0
1622,2021-12-08,Manufacturing,10.0,496.0,2 Year,2.0,20.0,No,,,,,0,0
1623,2021-10-22,Education,16.0,794.0,1 Year,1.0,17.0,No,,,,,0,0
1624,2022-05-04,Manufacturing,7.0,398.0,1 Year,1.0,28.0,No,,,,,0,0
1625,2020-08-06,Finance,20.0,983.0,1 Year,2.0,4.0,Yes,,,,,0,0
1626,2021-06-30,Education,1.0,50.0,1 Year,1.0,21.0,No,,,,,0,0
1627,2021-08-27,Manufacturing,20.0,1006.0,2 Year,3.0,1.0,No,,,,,0,0
1628,2021-04-04,Healthcare,38.0,1929.0,Month-to-Month,3.0,,No,,,,negative_set_to_missing,0,0
1629,2020-04-06,Healthcare,18.0,928.0,1 Year,3.0,13.0,No,,,,,0,0
1630,2020-04-20,Retail,14.0,681.0,2 Year,2.0,8.0,No,,,,,0,0
1631,2021-04-06,Education,9.0,477.0,2 Year,3.0,17.0,No,,,,,0,0
1632,2021-01-31,Finance,9.0,467.0,1 Year,4.0,5.0,No,,,,,0,0
1633,2022-11-18,Finance,19.0,945.0,1 Year,1.0,1.0,No,,,,,0,0
1634,2020-11-25,Tech,14.0,712.0,Month-to-Month,3.0,10.0,No,,,,,0,0
1635,2020-11-10,Education,9.0,471.0,2 Year,2.0,1.0,No,,,,,0,0
1636,2021-09-08,Healthcare,25.0,1292.0,2 Year,0.0,17.0,No,,,,,0,0
1637,2022-12-12,Manufacturing,26.0,1308.0,Month-to-Month,0.0,16.0,Yes,,,,,1,0
1638,2022-04-06,Healthcare,34.0,1691.0,1 Year,1.0,7.0,No,,,,,0,0
1639,2022-01-08,Manufacturing,45.0,2267.0,Month-to-Month,6.0,30.0,No,,,,,0,0
1640,2020-01-19,Manufacturing,6.0,294.0,2 Year,2.0,11.0,No,,,,,0,0
1641,2021-05-14,Tech,22.0,1085.0,2 Year,1.0,28.0,No,,,,,0,0
1642,2022-03-01,Healthcare,30.0,1512.0,2 Year,1.0,23.0,No,,,,,0,0
1643,2022-11-19,Finance,14.0,745.0,1 Year,4.0,15.0,Yes,,,,,0,0
1644,2021-10-18,Manufacturing,6.0,345.0,Month-to-Month,2.0,30.0,No,,,,,0,0
1645,2022-12-28,Finance,31.0,1530.0,2 Year,2.0,2.0,No,,,,,0,0
1646,2022-05-18,Education,30.0,1493.0,Month-to-Month,2.0,17.0,No,,,,,0,0
1647,2022-06-10,Healthcare,5.0,239.0,2 Year,2.0,21.0,No,,,,,0,0
1648,2020-03-18,Tech,21.0,1041.0,Month-to-Month,4.0,1.0,No,,,,,0,0
1649,2021-04-11,Healthcare,3.0,163.0,1 Year,4.0,12.0,No,,,,,0,0
1650,2020-02-04,Manufacturing,28.0,1429.0,Unknown,2.0,3.0,No,,,,,0,1
1651,2020-05-09,Tech,25.0,1235.0,2 Year,0.0,27.0,No,,,,,0,0
1652,2021-08-16,Retail,16.0,818.0,2 Year,2.0,2.0,No,,,,,0,0
1653,2022-03-20,Retail,14.0,683.0,1 Year,0.0,5.0,No,,,,,0,0
1654,2021-08-27,Education,26.0,1298.0,1 Year,0.0,21.0,No,,,,,0,0
1655,2022-02-03,Manufacturing,40.0,1981.0,2 Year,0.0,27.0,Yes,,,,,1,0
1656,2022-03-18,Education,18.0,948.0,2 Year,2.0,30.0,No,,,,,0,0
1657,2021-12-05,Finance,16.0,807.0,1 Year,4.0,28.0,No,,,,,0,0
1658,2021-01-11,Manufacturing,26.0,1308.0,2 Year,0.0,26.0,Yes,,,,,0,0
1659,2020-04-21,Tech,30.0,1550.0,1 Year,4.0,20.0,No,,,,,0,0
1660,2021-05-28,Healthcare,57.0,2842.0,Month-to-Month,2.0,23.0,No,,,,,0,0
1661,2020-09-19,Healthcare,16.0,810.0,Month-to-Month,1.0,9.0,No,,,,,0,0
1662,2022-09-22,Finance,12.0,637.0,1 Year,2.0,19.0,No,,,,,0,0
1663,2022-01-16,Finance,52.0,2620.0,1 Year,0.0,5.0,Yes,,,,,1,0
1664,2022-06-12,Retail,6.0,315.0,1 Year,3.0,4.0,No,,,,,0,0
1665,2022-08-05,Finance,12.0,637.0,1 Year,0.0,24.0,No,,,,,0,0
1666,2020-06-16,Tech,15.0,765.0,Month-to-Month,4.0,28.0,Yes,,,,,0,0
1667,2020-06-03,Manufacturing,11.0,532.0,2 Year,2.0,20.0,Yes,,,,,0,0
1668,2022-04-09,Manufacturing,9.0,457.0,Month-to-Month,5.0,17.0,No,,,,,0,0
1669,2022-08-24,Education,10.0,499.0,1 Year,3.0,12.0,No,,,,,0,0
1670,2021-08-18,Manufacturing,14.0,697.0,1 Year,0.0,16.0,No,,,,,0,0
1671,2020-01-22,Retail,9.0,460.0,2 Year,1.0,21.0,No,recoded_from_1,,,,0,0
1672,2020-11-22,Finance,9.0,452.0,2 Year,2.0,30.0,No,,,,,0,0
1673,2022-09-17,Healthcare,15.0,775.0,Month-to-Month,2.0,7.0,No,,,,,0,0
1674,2022-01-26,Healthcare,23.0,1159.0,Month-to-Month,0.0,21.0,No,,,,,0,0
1675,2022-03-05,Healthcare,8.0,440.0,1 Year,0.0,28.0,Yes,,,,,0,0
1676,2020-07-30,Manufacturing,4.0,246.0,2 Year,1.0,26.0,No,,,,,0,0
1677,2020-12-22,Tech,30.0,1528.0,2 Year,0.0,12.0,No,,,,,0,0
1678,2022-11-24,Healthcare,12.0,612.0,1 Year,3.0,29.0,No,,,,,0,0
1679,2022-09-24,Finance,19.0,991.0,2 Year,2.0,0.0,No,,,,,0,0
1680,2021-04-16,Finance,81.0,4039.0,Unknown,2.0,20.0,No,,,,,0,1
1681,2022-01-11,Tech,15.0,745.0,2 Year,5.0,7.0,No,,,,,0,0
1682,2022-09-13,Retail,9.0,491.0,1 Year,4.0,6.0,No,,,,,0,0
1683,2020-02-15,Manufacturing,49.0,2461.0,Month-to-Month,0.0,4.0,Yes,,,,,1,0
1684,2020-03-21,Manufacturing,15.0,748.0,Month-to-Month,2.0,5.0,Yes,,,,,0,0
1685,2020-02-08,Retail,13.0,666.0,Month-to-Month,1.0,6.0,No,,,,,0,0
1686,2020-12-15,Finance,13.0,658.0,1 Year,2.0,19.0,No,,,,,0,0
1687,2022-11-12,Manufacturing,1.0,63.0,Month-to-Month,1.0,23.0,No,,,,,0,0
1688,2020-05-20,Manufacturing,30.0,1509.0,1 Year,1.0,12.0,Yes,,,,,0,0
1689,2022-05-09,Manufacturing,23.0,1149.0,2 Year,3.0,3.0,No,,,,,0,0
1690,2020-03-20,Finance,11.0,598.0,2 Year,2.0,24.0,No,,,,,0,0
1691,2020-01-03,Retail,37.0,1885.0,2 Year,1.0,13.0,Yes,,,,,0,0
1692,2021-04-14,Education,19.0,991.0,1 Year,2.0,11.0,No,,,,,0,0
1693,2020-07-19,Tech,20.0,1034.0,Month-to-Month,1.0,8.0,No,,,,,0,0
1694,2021-08-03,Tech,21.0,1099.0,1 Year,1.0,8.0,No,,,,,0,0
1695,2022-12-06,Healthcare,29.0,1445.0,2 Year,0.0,0.0,No,,,,,1,0
1696,2022-04-17,Healthcare,16.0,826.0,Month-to-Month,4.0,4.0,No,,,,,0,0
1697,2022-05-17,Finance,11.0,576.0,2 Year,3.0,8.0,No,,,,,0,0
1698,2022-04-26,Retail,18.0,950.0,2 Year,3.0,15.0,No,,,,,0,0
1699,2021-06-03,Finance,1.0,69.0,2 Year,3.0,11.0,No,,,,,0,0
1700,2020-08-31,Finance,16.0,809.0,1 Year,0.0,25.0,No,,,,,0,0
1701,2022-11-07,Education,11.0,581.0,1 Year,0.0,25.0,No,,,,,0,0
1702,2020-04-16,Finance,3.0,150.0,1 Year,2.0,30.0,No,,,,,0,0
1703,2022-08-23,Manufacturing,28.0,1435.0,Month-to-Month,0.0,2.0,No,,,,,0,0
1704,2020-03-18,Manufacturing,8.0,429.0,1 Year,3.0,19.0,No,,,,,0,0
1705,2020-04-27,Education,28.0,1402.0,2 Year,3.0,15.0,No,,,,,0,0
1706,2022-11-27,Education,14.0,716.0,Month-to-Month,3.0,1.0,No,,,,,0,0
1707,2021-04-19,Finance,15.0,751.0,2 Year,5.0,1.0,No,,,,,0,0
1708,2020-06-26,Finance,30.0,1515.0,1 Year,1.0,11.0,No,,,,,0,0
1709,2022-11-26,Education,43.0,2131.0,2 Year,1.0,22.0,No,,,,,0,0
1710,2021-12-13,Retail,33.0,1674.0,1 Year,1.0,7.0,No,,,,,0,0
1711,2020-01-10,Manufacturing,11.0,563.0,Month-to-Month,0.0,13.0,No,,,,,0,0
1712,2021-08-25,Manufacturing,6.0,323.0,Month-to-Month,2.0,25.0,Yes,,,,,0,0
1713,2021-05-27,Healthcare,20.0,1036.0,1 Year,6.0,18.0,No,,,,,0,0
1714,2022-07-28,Retail,26.0,1338.0,2 Year,4.0,27.0,No,,,,,0,0
1715,2021-03-27,Tech,6.0,309.0,1 Year,1.0,13.0,No,,,,,0,0
1716,2021-06-23,Healthcare,10.0,511.0,1 Year,1.0,2.0,No,,,,,0,0
1717,2020-06-04,Healthcare,6.0,350.0,Month-to-Month,2.0,15.0,Yes,,,,,0,0
1718,2021-01-09,Healthcare,28.0,1404.0,1 Year,1.0,23.0,No,,,,,0,0
1719,2021-02-27,Finance,3.0,159.0,Month-to-Month,5.0,26.0,No,,,,,0,0
1720,2020-08-06,Tech,55.0,2745.0,Month-to-Month,1.0,21.0,No,,,,,0,0
1721,2020-03-27,Manufacturing,29.0,1491.0,1 Year,2.0,19.0,No,,,,,0,0
1722,2021-07-16,Manufacturing,5.0,292.0,Month-to-Month,2.0,24.0,Yes,,,,,0,0
1723,2020-09-19,Tech,71.0,3536.0,2 Year,1.0,25.0,No,,,,,0,0
1724,2022-10-26,Tech,22.0,1124.0,1 Year,1.0,27.0,No,,,,,0,0
1725,2022-11-27,Finance,60.0,3038.0,1 Year,5.0,22.0,Yes,recoded_from_1,,,,0,0
1726,2022-02-16,Manufacturing,11.0,542.0,1 Year,2.0,11.0,No,,,,,0,0
1727,2021-06-22,Finance,14.0,710.0,1 Year,2.0,15.0,No,,,,,0,0
1728,2022-10-18,Retail,22.0,1134.0,Month-to-Month,0.0,13.0,No,,,,,1,0
1729,2021-07-26,Finance,22.0,1137.0,Month-to-Month,1.0,18.0,No,,,,,0,0
1730,2020-07-23,Finance,15.0,764.0,Month-to-Month,2.0,17.0,No,,,,,0,0
1731,2020-11-02,Manufacturing,7.0,390.0,Month-to-Month,3.0,5.0,Yes,,,,,0,0
1732,2022-12-29,Tech,19.0,970.0,1 Year,0.0,9.0,No,,,,,0,0
1733,2022-03-26,Retail,23.0,1142.0,2 Year,1.0,5.0,Yes,,,,,0,0
1734,2020-07-16,Manufacturing,18.0,937.0,2 Year,1.0,10.0,No,,,,,0,0
1735,2021-06-11,Manufacturing,17.0,874.0,Month-to-Month,0.0,13.0,No,,,,,0,0
1736,2021-02-11,Manufacturing,25.0,1298.0,Month-to-Month,0.0,24.0,No,,,,,1,0
1737,2022-09-25,Finance,18.0,937.0,Month-to-Month,4.0,12.0,No,,,,,0,0
1738,2020-12-09,Tech,4.0,223.0,1 Year,2.0,20.0,No,,,,,0,0
1739,2020-06-11,Education,9.0,450.0,Unknown,0.0,7.0,No,,,,,0,1
1740,2021-07-01,Healthcare,5.0,280.0,1 Year,1.0,28.0,No,,,,,0,0
1741,2022-12-02,Education,12.0,637.0,1 Year,2.0,5.0,Yes,,,,,0,0
1742,2021-05-30,Manufacturing,16.0,790.0,Month-to-Month,5.0,5.0,Yes,,,,,0,0
1743,2020-04-20,Healthcare,3.0,133.0,1 Year,3.0,16.0,No,,,,,0,0
1744,2020-11-14,Finance,47.0,2340.0,2 Year,1.0,29.0,No,,,,,0,0
1745,2021-08-04,Tech,10.0,536.0,2 Year,3.0,4.0,No,,,,,0,0
1746,2020-03-12,Manufacturing,26.0,1325.0,1 Year,2.0,27.0,No,,,,,0,0
1747,2021-07-11,Finance,11.0,600.0,1 Year,0.0,4.0,No,,,,,1,0
1748,2022-07-24,Healthcare,44.0,2235.0,2 Year,5.0,20.0,No,recoded_from_1,,,,0,0
1749,2022-09-13,Healthcare,9.0,499.0,Month-to-Month,0.0,25.0,Yes,,,,,0,0
1750,2020-11-14,Finance,48.0,2418.0,Month-to-Month,0.0,0.0,No,,,,,0,0
1751,2021-12-05,Retail,34.0,1716.0,1 Year,1.0,17.0,Yes,,,,,0,0
1752,2021-09-05,Tech,9.0,431.0,1 Year,1.0,25.0,No,,,,,0,0
1753,2022-02-04,Finance,6.0,304.0,1 Year,3.0,28.0,No,,,,,0,0
1754,2022-03-09,Manufacturing,8.0,428.0,Month-to-Month,2.0,8.0,No,,,,,0,0
1755,2021-07-10,Finance,13.0,666.0,2 Year,0.0,23.0,No,,,,,0,0
1756,2020-05-20,Retail,12.0,603.0,Month-to-Month,2.0,,No,,,,negative_set_to_missing,0,0
1757,2021-07-11,Manufacturing,10.0,542.0,Month-to-Month,2.0,10.0,Yes,,,,,0,0
1758,2020-02-15,Education,14.0,703.0,Month-to-Month,1.0,9.0,No,,,,,0,0
1759,2020-01-17,Healthcare,17.0,859.0,Month-to-Month,3.0,4.0,Yes,,,,,0,0
1760,2022-05-10,Healthcare,6.0,319.0,1 Year,2.0,11.0,No,,,,,0,0
1761,2020-06-13,Finance,31.0,1548.0,Month-to-Month,3.0,8.0,Yes,,,,,0,0
1762,2021-01-28,Retail,15.0,762.0,1 Year,1.0,26.0,Yes,,,,,0,0
1763,2022-06-26,Tech,7.0,361.0,2 Year,1.0,1.0,No,,,,,0,0
1764,2022-12-03,Healthcare,1.0,56.0,Unknown,2.0,12.0,No,,,,,0,1
1765,2020-11-20,Education,12.0,585.0,2 Year,2.0,29.0,Yes,,,,,0,0
1766,2021-09-03,Finance,11.0,555.0,1 Year,2.0,28.0,Yes,,,,,0,0
1767,2020-08-19,Healthcare,9.0,460.0,2 Year,2.0,13.0,No,,,,,0,0
1768,2020-09-02,Education,4.0,230.0,Month-to-Month,2.0,0.0,No,,,,,0,0
1769,2022-08-31,Tech,28.0,1399.0,1 Year,2.0,24.0,No,,,,,0,0
1770,2021-11-24,Tech,32.0,1587.0,Month-to-Month,1.0,11.0,No,,,,,0,0
1771,2020-09-14,Healthcare,24.0,1242.0,Month-to-Month,2.0,10.0,No,,,,,0,0
1772,2022-06-17,Healthcare,25.0,1254.0,Month-to-Month,2.0,22.0,No,,,,,0,0
1773,2020-03-21,Retail,35.0,1792.0,2 Year,2.0,14.0,No,,,,,0,0
1774,2021-01-23,Manufacturing,36.0,1803.0,2 Year,5.0,11.0,No,,,,,0,0
1775,2020-11-24,Manufacturing,19.0,938.0,2 Year,0.0,4.0,No,,,,,0,0
1776,2022-01-21,Finance,7.0,388.0,Month-to-Month,2.0,24.0,No,,,,,0,0
1777,2020-02-08,Manufacturing,9.0,476.0,2 Year,4.0,7.0,No,,,,,0,0
1778,2022-03-04,Manufacturing,48.0,2404.0,2 Year,2.0,21.0,No,,,,,0,0
1779,2021-08-02,Education,45.0,2271.0,1 Year,2.0,20.0,No,,,,,0,0
1780,2020-05-16,Finance,41.0,2035.0,Month-to-Month,0.0,5.0,Yes,,,,,0,0
1781,2020-07-21,Manufacturing,27.0,1334.0,2 Year,2.0,20.0,No,,,,,0,0
1782,2021-06-08,Finance,7.0,336.0,1 Year,3.0,7.0,No,,,,,0,0
1783,2022-10-03,Education,38.0,1890.0,1 Year,1.0,25.0,No,,,,,0,0
1784,2022-05-01,Tech,6.0,327.0,2 Year,1.0,1.0,No,,,,,0,0
1785,2020-05-24,Tech,55.0,2768.0,Month-to-Month,1.0,30.0,No,,,,,0,0
1786,2021-04-18,Manufacturing,19.0,998.0,1 Year,1.0,6.0,No,,,,,0,0
1787,2021-01-01,Education,31.0,1583.0,2 Year,3.0,3.0,No,,,,,0,0
1788,2022-07-28,Manufacturing,23.0,1184.0,Month-to-Month,5.0,5.0,No,,,,,0,0
1789,2021-11-22,Healthcare,8.0,400.0,2 Year,1.0,19.0,No,,,,,0,0
1790,2021-10-26,Healthcare,7.0,377.0,1 Year,2.0,24.0,No,,,,,0,0
1791,2021-05-07,Healthcare,9.0,499.0,Month-to-Month,2.0,12.0,No,,,,,0,0
1792,2022-01-07,Healthcare,7.0,387.0,1 Year,3.0,,No,,,,negative_set_to_missing,0,0
1793,2020-02-03,Finance,12.0,646.0,Month-to-Month,2.0,28.0,Yes,,,,,0,0
1794,2021-10-06,Manufacturing,4.0,182.0,2 Year,4.0,26.0,No,,,,,0,0
1795,2020-11-12,Manufacturing,8.0,392.0,Month-to-Month,2.0,14.0,Yes,,,,,0,0
1796,2021-05-26,Manufacturing,4.0,209.0,1 Year,1.0,25.0,No,,,,,0,0
1797,2021-03-21,Education,10.0,489.0,2 Year,5.0,10.0,Yes,,,,,0,0
1798,2020-07-14,Tech,10.0,518.0,Month-to-Month,0.0,23.0,No,,,,,1,0
1799,2021-11-15,Finance,33.0,1674.0,1 Year,1.0,13.0,No,,,,,0,0
1800,2020-01-24,Finance,50.0,2528.0,Month-to-Month,0.0,9.0,Yes,,,,,1,0
1801,2021-10-31,Retail,27.0,1394.0,2 Year,1.0,7.0,No,,,,,0,0
1802,2022-07-01,Finance,34.0,1744.0,Month-to-Month,0.0,7.0,No,,,,,0,0
1803,2020-09-27,Healthcare,21.0,1073.0,Month-to-Month,0.0,15.0,Yes,,,,,0,0
1804,2020-06-23,Finance,76.0,3831.0,2 Year,0.0,13.0,No,,,,,0,0
1805,2022-09-11,Manufacturing,9.0,455.0,1 Year,0.0,12.0,No,recoded_from_1,,,,0,0
1806,2022-12-09,Education,37.0,1861.0,Month-to-Month,2.0,2.0,No,,,,,0,0
1807,2020-07-02,Healthcare,66.0,3294.0,2 Year,2.0,13.0,No,,,,,0,0
1808,2021-12-06,Retail,29.0,1433.0,1 Year,3.0,5.0,No,,,,,0,0
1809,2020-10-25,Finance,19.0,986.0,Month-to-Month,1.0,29.0,Yes,,,,,0,0
1810,2020-06-24,Finance,29.0,1444.0,2 Year,1.0,1.0,No,,,,,0,0
1811,2021-08-12,Retail,28.0,1381.0,1 Year,0.0,22.0,No,,,,,1,0
1812,2020-02-16,Healthcare,33.0,1672.0,Month-to-Month,2.0,23.0,Yes,,,,,0,0
1813,2022-09-16,Education,22.0,1098.0,2 Year,0.0,22.0,No,,,,,0,0
1814,2022-12-14,Manufacturing,17.0,835.0,1 Year,1.0,,No,,,,negative_set_to_missing,0,0
1815,2021-07-09,Education,1.0,36.0,1 Year,0.0,20.0,No,,,,,0,0
1816,2021-07-09,Retail,9.0,476.0,Month-to-Month,2.0,0.0,No,,,,,0,0
1817,2021-04-18,Manufacturing,57.0,2878.0,2 Year,4.0,22.0,No,,,,,0,0
1818,2022-12-24,Education,8.0,391.0,Month-to-Month,3.0,6.0,No,,,,,0,0
1819,2020-02-14,Retail,13.0,635.0,Month-to-Month,2.0,29.0,No,,,,,0,0
1820,2020-11-17,Finance,7.0,332.0,1 Year,3.0,21.0,No,recoded_from_1,,,,0,0
1821,2022-10-23,Tech,19.0,965.0,Month-to-Month,3.0,20.0,No,,,,,0,0
1822,2021-07-27,Tech,41.0,2058.0,Month-to-Month,1.0,10.0,No,,,,,0,0
1823,2022-02-21,Retail,8.0,446.0,2 Year,3.0,19.0,No,,,,,0,0
1824,2021-05-07,Manufacturing,18.0,899.0,1 Year,3.0,9.0,No,,,,,0,0
1825,2020-09-26,Finance,24.0,1206.0,2 Year,2.0,4.0,No,,,,,0,0
1826,2020-10-09,Retail,8.0,419.0,2 Year,4.0,22.0,No,,,,,0,0
1827,2020-10-24,Tech,10.0,500.0,1 Year,2.0,2.0,No,,,,,0,0
1828,2021-01-12,Retail,30.0,1520.0,Month-to-Month,3.0,23.0,Yes,,,,,0,0
1829,2022-04-22,Education,9.0,468.0,1 Year,4.0,23.0,No,,,,,0,0
1830,2021-07-14,Manufacturing,15.0,749.0,Month-to-Month,3.0,3.0,Yes,,,,,0,0
1831,2021-06-30,Education,17.0,859.0,2 Year,2.0,7.0,Yes,,,,,0,0
1832,2022-09-03,Healthcare,25.0,1247.0,2 Year,0.0,27.0,No,,,,,0,0
1833,2021-01-11,Tech,42.0,2129.0,1 Year,2.0,15.0,No,recoded_from_1,,,,0,0
1834,2022-04-16,Finance,24.0,1181.0,1 Year,1.0,30.0,No,,,,,0,0
1835,2021-02-22,Manufacturing,11.0,538.0,Month-to-Month,2.0,29.0,No,,,,,0,0
1836,2022-09-30,Tech,5.0,271.0,1 Year,1.0,28.0,No,,,,,0,0
1837,2022-02-18,Manufacturing,8.0,420.0,1 Year,5.0,19.0,No,,,,,0,0
1838,2022-12-11,Tech,16.0,784.0,2 Year,0.0,3.0,No,recoded_from_1,,,,0,0
1839,2021-05-18,Manufacturing,19.0,996.0,2 Year,0.0,12.0,Yes,,,,,0,0
1840,2020-04-10,Healthcare,4.0,204.0,1 Year,2.0,14.0,No,recoded_from_1,,,,0,0
1841,2022-08-02,Manufacturing,15.0,751.0,1 Year,1.0,9.0,No,,,,,0,0
1842,2020-10-18,Finance,15.0,789.0,2 Year,3.0,14.0,No,,,,,0,0
1843,2020-10-04,Manufacturing,32.0,1630.0,1 Year,0.0,10.0,No,,,,,0,0
1844,2021-02-17,Education,1.0,88.0,Month-to-Month,2.0,8.0,No,,,,,0,0
1845,2020-12-01,Tech,12.0,595.0,Month-to-Month,1.0,3.0,No,,,,,0,0
1846,2022-12-08,Finance,15.0,779.0,2 Year,3.0,25.0,No,,,,,0,0
1847,2022-02-14,Manufacturing,12.0,650.0,1 Year,0.0,1.0,No,,,,,1,0
1848,2020-11-03,Healthcare,14.0,700.0,Month-to-Month,0.0,5.0,Yes,,,,,1,0
1849,2022-07-02,Finance,24.0,1216.0,2 Year,1.0,5.0,No,recoded_from_1,,,,0,0
1850,2020-01-08,Tech,12.0,612.0,Month-to-Month,3.0,14.0,No,,,,,0,0
1851,2022-10-07,Retail,10.0,510.0,Month-to-Month,3.0,18.0,No,,,,,0,0
1852,2020-06-11,Manufacturing,47.0,2330.0,Unknown,1.0,28.0,No,,,,,0,1
1853,2021-03-01,Tech,1.0,36.0,Month-to-Month,1.0,4.0,Yes,,,,,0,0
1854,2020-10-24,Tech,35.0,1734.0,2 Year,1.0,18.0,No,,,,,0,0
1855,2020-04-10,Education,41.0,2043.0,1 Year,2.0,5.0,No,,,,,0,0
1856,2020-12-29,Healthcare,5.0,288.0,2 Year,1.0,18.0,Yes,,,,,0,0
1857,2022-01-24,Healthcare,61.0,3078.0,Month-to-Month,1.0,24.0,No,,,,,0,0
1858,2022-08-22,Retail,46.0,2297.0,Month-to-Month,2.0,22.0,No,,,,,0,0
1859,2022-12-10,Education,25.0,1256.0,2 Year,3.0,6.0,No,,,,,0,0
1860,2022-12-19,Education,51.0,2541.0,1 Year,2.0,23.0,No,,,,,0,0
1861,2021-08-11,Manufacturing,2.0,134.0,2 Year,0.0,27.0,No,,,,,0,0
1862,2021-12-25,Retail,16.0,796.0,2 Year,2.0,18.0,No,,,,,0,0
1863,2022-10-05,Tech,19.0,953.0,2 Year,3.0,7.0,No,,,,,0,0
1864,2020-08-30,Finance,8.0,383.0,1 Year,5.0,20.0,No,,,,,0,0
1865,2022-04-29,Finance,21.0,1082.0,Month-to-Month,1.0,10.0,No,,,,,0,0
1866,2020-01-24,Healthcare,19.0,955.0,2 Year,1.0,9.0,No,,,,,0,0
1867,2022-11-03,Healthcare,61.0,3100.0,1 Year,1.0,24.0,Yes,,,,,0,0
1868,2021-11-30,Finance,40.0,2030.0,2 Year,1.0,18.0,Yes,,,,,0,0
1869,2021-11-07,Education,9.0,473.0,2 Year,1.0,15.0,No,,,,,0,0
1870,2020-10-05,Healthcare,7.0,391.0,Month-to-Month,0.0,20.0,No,,,,,1,0
1871,2022-08-05,Education,67.0,3382.0,2 Year,4.0,1.0,No,,,,,0,0
1872,2021-10-08,Healthcare,3.0,198.0,Month-to-Month,0.0,6.0,No,,,,,0,0
1873,2020-05-15,Education,21.0,1049.0,1 Year,0.0,26.0,Yes,,,,,1,0
1874,2022-12-30,Healthcare,13.0,651.0,2 Year,2.0,19.0,No,,,,,0,0
1875,2021-10-06,Healthcare,29.0,1434.0,1 Year,1.0,13.0,No,,,,,0,0
1876,2022-07-14,Finance,29.0,1468.0,Month-to-Month,4.0,16.0,Yes,,,,,0,0
1877,2020-07-08,Finance,6.0,336.0,2 Year,2.0,0.0,No,,,,,0,0
1878,2021-01-24,Healthcare,13.0,673.0,1 Year,1.0,23.0,No,,,,,0,0
1879,2020-10-20,Tech,39.0,1942.0,2 Year,1.0,21.0,No,,,,,0,0
1880,2022-07-29,Education,28.0,1429.0,2 Year,6.0,27.0,Yes,,,,,0,0
1881,2020-06-27,Education,15.0,772.0,1 Year,0.0,28.0,Yes,,,,,0,0
1882,2021-10-01,Healthcare,23.0,1132.0,2 Year,0.0,24.0,No,,,,,0,0
1883,2021-02-14,Education,8.0,404.0,1 Year,5.0,8.0,No,,,,,0,0
1884,2020-08-28,Manufacturing,6.0,314.0,Month-to-Month,3.0,5.0,Yes,,,,,0,0
1885,2022-11-18,Finance,18.0,893.0,Month-to-Month,3.0,17.0,No,,,,,0,0
1886,2021-08-03,Manufacturing,37.0,1861.0,Month-to-Month,4.0,2.0,No,,,,,0,0
1887,2022-06-27,Tech,5.0,236.0,Month-to-Month,2.0,0.0,No,,,,,0,0
1888,2022-02-24,Manufacturing,15.0,736.0,Month-to-Month,3.0,13.0,No,,,,,0,0
1889,2022-07-02,Education,17.0,875.0,1 Year,2.0,10.0,No,,,,,0,0
1890,2022-12-28,Education,17.0,840.0,1 Year,4.0,18.0,No,,,,,0,0
1891,2022-08-17,Retail,52.0,2592.0,1 Year,4.0,9.0,No,,,,,0,0
1892,2022-08-21,Healthcare,13.0,659.0,Month-to-Month,0.0,4.0,No,,,,,0,0
1893,2022-03-13,Healthcare,7.0,353.0,2 Year,2.0,29.0,No,,,,,0,0
1894,2022-07-17,Retail,33.0,1692.0,Month-to-Month,1.0,2.0,No,,,,,0,0
1895,2020-12-15,Retail,8.0,416.0,1 Year,2.0,19.0,No,,,,,0,0
1896,2020-08-07,Retail,20.0,1021.0,2 Year,3.0,20.0,No,,,,,0,0
1897,2022-03-31,Retail,14.0,732.0,Month-to-Month,2.0,19.0,Yes,,,,,0,0
1898,2020-05-15,Retail,15.0,773.0,Month-to-Month,2.0,26.0,No,,,,,0,0
1899,2021-12-01,Education,5.0,299.0,2 Year,2.0,7.0,No,,,,,0,0
1900,2022-09-23,Retail,1.0,44.0,2 Year,4.0,19.0,No,,,,,0,0
1901,2020-12-26,Manufacturing,12.0,619.0,1 Year,0.0,2.0,No,,,,,0,0
1902,2022-02-15,Finance,4.0,221.0,1 Year,2.0,20.0,No,,,,,0,0
1903,2020-01-01,Manufacturing,21.0,1048.0,2 Year,0.0,4.0,No,,,,,1,0
1904,2022-07-04,Healthcare,18.0,905.0,Month-to-Month,1.0,21.0,Yes,,,,,0,0
1905,2022-06-09,Retail,43.0,2174.0,Month-to-Month,0.0,18.0,Yes,,,,,0,0
1906,2020-09-18,Tech,29.0,1467.0,Month-to-Month,0.0,11.0,No,,,,,1,0
1907,2022-01-05,Education,38.0,1894.0,1 Year,3.0,27.0,Yes,,,,,0,0
1908,2022-03-18,Finance,11.0,570.0,2 Year,0.0,12.0,No,,,,,0,0
1909,2020-12-21,Healthcare,14.0,740.0,Month-to-Month,3.0,6.0,No,,,,,0,0
1910,2022-05-04,Education,44.0,2199.0,1 Year,2.0,27.0,Yes,,,,,0,0
1911,2020-02-02,Finance,6.0,298.0,2 Year,0.0,28.0,No,,,,,1,0
1912,2020-06-22,Education,39.0,1947.0,2 Year,2.0,25.0,No,,,,,0,0
1913,2022-05-21,Retail,6.0,303.0,1 Year,0.0,16.0,No,,,,,0,0
1914,2021-12-28,Education,8.0,408.0,Month-to-Month,2.0,13.0,No,,,,,0,0
1915,2021-04-29,Tech,31.0,1594.0,1 Year,2.0,13.0,No,,,,,0,0
1916,2020-03-18,Education,13.0,691.0,2 Year,0.0,11.0,No,,,,,0,0
1917,2020-06-12,Healthcare,6.0,298.0,2 Year,1.0,23.0,No,,,,,0,0
1918,2022-08-10,Education,6.0,346.0,Month-to-Month,1.0,16.0,Yes,,,,,0,0
1919,2020-06-08,Manufacturing,23.0,1199.0,2 Year,0.0,,No,,,,negative_set_to_missing,1,0
1920,2020-01-23,Healthcare,11.0,590.0,1 Year,2.0,16.0,No,,,,,0,0
1921,2022-05-12,Manufacturing,46.0,2325.0,1 Year,3.0,9.0,No,,,,,0,0
1922,2021-09-14,Education,17.0,863.0,Month-to-Month,1.0,20.0,Yes,,,,,0,0
1923,2021-08-20,Healthcare,31.0,1533.0,1 Year,1.0,15.0,No,,,,,0,0
1924,2021-05-31,Education,1.0,46.0,2 Year,4.0,8.0,No,,,,,0,0
1925,2020-08-16,Finance,7.0,352.0,2 Year,1.0,23.0,No,,,,,0,0
1926,2021-06-19,Healthcare,17.0,860.0,1 Year,3.0,5.0,No,,,,,0,0
1927,2020-06-21,Retail,12.0,598.0,2 Year,1.0,29.0,No,,,,,0,0
1928,2022-02-23,Manufacturing,5.0,260.0,2 Year,3.0,14.0,No,,,,,0,0
1929,2021-12-07,Retail,5.0,236.0,2 Year,5.0,8.0,Yes,,,,,0,0
1930,2022-03-27,Manufacturing,23.0,1190.0,1 Year,0.0,15.0,No,,,,,1,0
1931,2021-04-23,Manufacturing,20.0,1028.0,2 Year,1.0,22.0,No,,,,,0,0
1932,2022-06-09,Healthcare,6.0,281.0,1 Year,1.0,29.0,No,,,,,0,0
1933,2022-12-21,Retail,37.0,1835.0,Month-to-Month,2.0,29.0,No,,,,,0,0
1934,2021-07-12,Manufacturing,48.0,2422.0,1 Year,2.0,8.0,No,,,,,0,0
1935,2022-03-12,Finance,12.0,639.0,2 Year,0.0,23.0,No,,,,,0,0
1936,2022-11-30,Tech,29.0,1473.0,2 Year,1.0,22.0,No,,,,,0,0
1937,2020-01-18,Healthcare,4.0,188.0,Month-to-Month,0.0,13.0,Yes,,,,,1,0
1938,2021-03-25,Tech,25.0,1266.0,1 Year,1.0,6.0,Yes,,,,,0,0
1939,2020-04-26,Tech,6.0,307.0,2 Year,3.0,20.0,No,,,,,0,0
1940,2020-09-23,Finance,16.0,828.0,2 Year,4.0,24.0,No,,,,,0,0
1941,2020-08-15,Education,6.0,303.0,1 Year,4.0,9.0,No,,,,,0,0
1942,2022-07-17,Healthcare,3.0,165.0,1 Year,1.0,22.0,No,,,,,0,0
1943,2021-06-11,Healthcare,28.0,1400.0,Month-to-Month,3.0,8.0,No,,,,,0,0
1944,2020-05-03,Finance,8.0,413.0,1 Year,4.0,5.0,No,,,,,0,0
1945,2022-03-15,Retail,8.0,402.0,2 Year,0.0,15.0,No,,,,,1,0
1946,2021-03-23,Manufacturing,2.0,93.0,1 Year,2.0,22.0,Yes,,,,,0,0
1947,2021-05-28,Tech,48.0,2437.0,Month-to-Month,3.0,28.0,No,,,,,0,0
1948,2020-03-18,Manufacturing,7.0,379.0,1 Year,1.0,4.0,No,,,,,0,0
1949,2020-01-08,Retail,33.0,1695.0,2 Year,4.0,30.0,No,,,,,0,0
1950,2020-05-23,Retail,7.0,399.0,Month-to-Month,3.0,0.0,No,,,,,0,0
1951,2020-09-05,Education,6.0,348.0,1 Year,0.0,10.0,No,,,,,0,0
1952,2020-07-04,Healthcare,14.0,726.0,2 Year,3.0,27.0,Yes,,,,,0,0
1953,2021-02-19,Healthcare,5.0,252.0,2 Year,5.0,1.0,No,,,,,0,0
1954,2022-03-09,Retail,18.0,893.0,2 Year,0.0,22.0,Yes,,,,,0,0
1955,2021-01-23,Finance,33.0,1647.0,Month-to-Month,3.0,6.0,Yes,,,,,0,0
1956,2022-09-28,Retail,10.0,529.0,Month-to-Month,0.0,25.0,Yes,,,,,0,0
1957,2020-02-03,Retail,24.0,1184.0,1 Year,1.0,1.0,No,,,,,0,0
1958,2020-08-30,Manufacturing,22.0,1107.0,2 Year,2.0,21.0,No,,,,,0,0
1959,2020-11-01,Tech,26.0,1309.0,Month-to-Month,5.0,1.0,No,,,,,0,0
1960,2022-08-23,Tech,2.0,85.0,Month-to-Month,0.0,22.0,Yes,,,,,0,0
1961,2021-09-21,Tech,9.0,442.0,1 Year,3.0,19.0,No,,,,,0,0
1962,2020-08-21,Retail,21.0,1093.0,2 Year,6.0,25.0,Yes,,,,,0,0
1963,2021-11-21,Finance,35.0,1781.0,1 Year,0.0,3.0,No,,,,,1,0
1964,2021-10-20,Finance,44.0,2207.0,Month-to-Month,2.0,18.0,Yes,,,,,0,0
1965,2022-04-30,Manufacturing,15.0,751.0,2 Year,1.0,11.0,No,,,,,0,0
1966,2020-03-24,Finance,8.0,397.0,Month-to-Month,4.0,25.0,No,recoded_from_1,,,,0,0
1967,2020-02-02,Education,12.0,642.0,Month-to-Month,3.0,0.0,Yes,,,,,0,0
1968,2021-08-04,Finance,16.0,833.0,2 Year,1.0,25.0,No,,,,,0,0
1969,2021-02-26,Finance,23.0,1148.0,2 Year,0.0,8.0,No,,,,,0,0
1970,2020-03-18,Healthcare,9.0,453.0,Unknown,1.0,15.0,No,,,,,0,1
1971,2021-12-13,Tech,9.0,483.0,Month-to-Month,0.0,17.0,Yes,,,,,0,0
1972,2022-01-11,Finance,15.0,799.0,2 Year,1.0,7.0,No,,,,,0,0
1973,2021-07-20,Retail,10.0,486.0,Month-to-Month,3.0,3.0,No,,,,,0,0
1974,2022-10-15,Healthcare,9.0,452.0,Month-to-Month,0.0,21.0,Yes,,,,,0,0
1975,2021-03-05,Retail,12.0,635.0,1 Year,5.0,10.0,No,,,,,0,0
1976,2020-03-29,Tech,8.0,393.0,2 Year,2.0,1.0,No,,,,,0,0
1977,2022-09-20,Manufacturing,16.0,845.0,Month-to-Month,2.0,2.0,No,,,,,0,0
1978,2021-10-29,Tech,9.0,483.0,Month-to-Month,3.0,23.0,No,,,,,0,0
1979,2021-10-29,Retail,41.0,2059.0,Month-to-Month,0.0,7.0,No,,,,,1,0
1980,2021-03-27,Finance,3.0,139.0,1 Year,5.0,18.0,No,,,,,0,0
1981,2021-03-18,Finance,12.0,638.0,Month-to-Month,4.0,12.0,No,,,,,0,0
1982,2022-01-04,Tech,8.0,414.0,Month-to-Month,1.0,10.0,No,,,,,0,0
1983,2021-07-28,Healthcare,11.0,547.0,Month-to-Month,1.0,27.0,No,,,,,0,0
1984,2021-03-26,Manufacturing,18.0,917.0,2 Year,1.0,5.0,No,,,,,0,0
1985,2020-12-14,Finance,26.0,1350.0,Month-to-Month,1.0,2.0,No,,,,,0,0
1986,2022-08-27,Finance,9.0,489.0,1 Year,3.0,0.0,No,,,,,0,0
1987,2021-05-22,Finance,30.0,1521.0,1 Year,1.0,18.0,No,,,,,0,0
1988,2020-01-11,Manufacturing,17.0,883.0,Month-to-Month,5.0,,No,,,,negative_set_to_missing,0,0
1989,2020-03-09,Tech,38.0,1934.0,2 Year,3.0,12.0,No,,,,,0,0
1990,2022-07-15,Finance,6.0,343.0,Month-to-Month,1.0,2.0,Yes,,,,,0,0
1991,2020-09-28,Retail,40.0,2025.0,1 Year,2.0,7.0,No,,,,,0,0
1992,2021-09-16,Tech,30.0,1500.0,2 Year,2.0,14.0,No,,,,,0,0
1993,2022-07-20,Education,36.0,1839.0,Month-to-Month,3.0,27.0,Yes,,,,,0,0
1994,2022-08-08,Manufacturing,8.0,380.0,2 Year,2.0,2.0,No,,,,,0,0
1995,2020-03-07,Manufacturing,5.0,267.0,1 Year,0.0,24.0,No,,,,,1,0
1996,2021-02-28,Manufacturing,3.0,140.0,2 Year,3.0,28.0,No,,,,,0,0
1997,2022-01-15,Healthcare,13.0,636.0,Month-to-Month,1.0,12.0,No,,,,,0,0
1998,2022-01-20,Finance,16.0,802.0,2 Year,4.0,17.0,No,,,,,0,0
1999,2020-10-10,Manufacturing,40.0,2022.0,Month-to-Month,2.0,17.0,No,,,,,0,0
2000,2021-03-05,Retail,21.0,1058.0,1 Year,1.0,,No,,,,negative_set_to_missing,0,0
2001,2021-07-21,Manufacturing,15.0,736.0,Month-to-Month,3.0,11.0,No,,,,,0,0
2002,2020-09-08,Healthcare,35.0,1790.0,2 Year,1.0,17.0,No,,,,,0,0
2003,2022-07-14,Tech,16.0,827.0,2 Year,2.0,30.0,No,,,,,0,0
2004,2021-01-20,Tech,23.0,1188.0,Month-to-Month,0.0,2.0,Yes,,,,,0,0
2005,2020-12-03,Manufacturing,32.0,1615.0,Month-to-Month,1.0,22.0,Yes,,,,,0,0
2006,2020-02-16,Retail,9.0,467.0,1 Year,4.0,21.0,Yes,,,,,0,0
2007,2022-06-28,Manufacturing,15.0,732.0,1 Year,1.0,6.0,No,,,,,0,0
2008,2021-11-18,Retail,32.0,1632.0,2 Year,2.0,10.0,No,,,,,0,0
2009,2022-12-21,Healthcare,11.0,600.0,1 Year,2.0,,No,,,,negative_set_to_missing,0,0
2010,2020-12-17,Tech,21.0,1063.0,Month-to-Month,0.0,15.0,No,,,,,0,0
2011,2020-10-30,Finance,22.0,1125.0,1 Year,2.0,14.0,No,,,,,0,0
2012,2021-08-07,Finance,20.0,1003.0,Month-to-Month,5.0,26.0,No,recoded_from_1,,,,0,0
2013,2020-11-26,Retail,12.0,610.0,Month-to-Month,2.0,1.0,No,,,,,0,0
2014,2021-06-17,Healthcare,18.0,927.0,Month-to-Month,1.0,6.0,Yes,,,,,0,0
2015,2020-10-29,Tech,9.0,477.0,1 Year,1.0,17.0,No,,,,,0,0
2016,2020-02-21,Healthcare,13.0,681.0,1 Year,4.0,24.0,No,,,,,0,0
2017,2020-11-15,Education,10.0,480.0,2 Year,1.0,17.0,No,,,,,0,0
2018,2021-08-28,Education,12.0,640.0,1 Year,4.0,30.0,No,,,,,0,0
2019,2020-10-28,Tech,16.0,836.0,1 Year,2.0,22.0,No,,,,,0,0
2020,2020-10-12,Finance,74.0,3750.0,Month-to-Month,4.0,9.0,Yes,,,,,0,0
2021,2022-07-02,Finance,16.0,825.0,Month-to-Month,1.0,10.0,Yes,,,,,0,0
2022,2022-12-14,Education,3.0,158.0,1 Year,4.0,6.0,No,,,,,0,0
2023,2020-06-27,Manufacturing,5.0,295.0,1 Year,1.0,6.0,No,,,,,0,0
2024,2020-04-24,Retail,2.0,126.0,1 Year,4.0,4.0,No,,,,,0,0
2025,2022-02-02,Manufacturing,17.0,831.0,1 Year,1.0,11.0,No,,,,,0,0
2026,2020-06-28,Retail,19.0,957.0,2 Year,0.0,28.0,No,,,,,1,0
2027,2021-08-14,Finance,33.0,1650.0,2 Year,2.0,28.0,No,,,,,0,0
2028,2020-06-25,Healthcare,8.0,398.0,Month-to-Month,3.0,9.0,No,,,,,0,0
2029,2020-05-15,Retail,5.0,278.0,Month-to-Month,2.0,0.0,No,,,,,0,0
2030,2020-12-24,Finance,15.0,789.0,Unknown,2.0,18.0,No,,,,,0,1
2031,2022-02-20,Manufacturing,10.0,517.0,Unknown,2.0,15.0,Yes,,,,,0,1
2032,2021-09-14,Finance,3.0,193.0,2 Year,3.0,23.0,Yes,,,,,0,0
2033,2021-06-21,Healthcare,11.0,568.0,2 Year,2.0,26.0,Yes,,,,,0,0
2034,2022-05-04,Tech,19.0,952.0,1 Year,2.0,29.0,No,,,,,0,0
2035,2021-07-21,Manufacturing,37.0,1893.0,Month-to-Month,0.0,19.0,No,,,,,0,0
2036,2022-06-12,Tech,3.0,163.0,2 Year,1.0,21.0,No,,,,,0,0
2037,2022-02-03,Finance,48.0,2445.0,2 Year,3.0,18.0,Yes,,,,,0,0
2038,2020-04-29,Finance,9.0,448.0,1 Year,1.0,14.0,No,,,,,0,0
2039,2020-04-18,Tech,5.0,264.0,1 Year,5.0,13.0,No,,,,,0,0
2040,2021-08-16,Education,7.0,367.0,2 Year,1.0,20.0,No,,,,,0,0
2041,2021-01-10,Healthcare,2.0,92.0,2 Year,0.0,24.0,No,,,,,1,0
2042,2021-09-08,Healthcare,7.0,364.0,2 Year,3.0,22.0,Yes,,,,,0,0
2043,2020-10-21,Retail,34.0,1681.0,Month-to-Month,1.0,16.0,No,,,,,0,0
2044,2021-11-27,Manufacturing,47.0,2350.0,Month-to-Month,1.0,6.0,Yes,,,,,0,0
2045,2022-12-12,Retail,30.0,1548.0,2 Year,3.0,17.0,No,,,,,0,0
2046,2022-08-01,Healthcare,2.0,89.0,Month-to-Month,2.0,26.0,Yes,,,,,0,0
2047,2022-01-12,Healthcare,1.0,47.0,1 Year,1.0,28.0,No,,,,,0,0
2048,2020-12-18,Finance,17.0,868.0,Month-to-Month,2.0,,Yes,,,,negative_set_to_missing,0,0
2049,2021-04-09,Tech,26.0,1319.0,Month-to-Month,0.0,6.0,Yes,,,,,0,0
2050,2020-06-08,Tech,25.0,1232.0,1 Year,4.0,24.0,No,,,,,0,0
2051,2022-11-17,Education,17.0,837.0,1 Year,1.0,3.0,Yes,,,,,0,0
2052,2020-01-22,Finance,12.0,592.0,Month-to-Month,0.0,29.0,No,,,,,0,0
2053,2021-01-13,Healthcare,33.0,1674.0,Month-to-Month,0.0,2.0,No,,,,,0,0
2054,2021-12-13,Finance,26.0,1325.0,Month-to-Month,3.0,27.0,No,,,,,0,0
2055,2022-10-31,Education,30.0,1488.0,Month-to-Month,1.0,26.0,Yes,,,,,0,0
2056,2021-01-27,Finance,21.0,1066.0,Month-to-Month,0.0,28.0,Yes,,,,,0,0
2057,2022-10-29,Tech,9.0,490.0,1 Year,4.0,22.0,No,,,,,0,0
2058,2021-01-05,Tech,11.0,575.0,1 Year,2.0,13.0,No,,,,,0,0
2059,2021-10-05,Healthcare,7.0,345.0,1 Year,0.0,3.0,No,,,,,0,0
2060,2021-08-13,Retail,7.0,335.0,Month-to-Month,0.0,10.0,No,,,,,1,0
2061,2021-09-30,Retail,23.0,1186.0,Month-to-Month,0.0,17.0,No,,,,,0,0
2062,2021-01-21,Education,34.0,1688.0,1 Year,3.0,30.0,No,,,,,0,0
2063,2022-10-03,Tech,34.0,1693.0,1 Year,1.0,14.0,No,recoded_from_1,,,,0,0
2064,2020-10-20,Tech,11.0,580.0,1 Year,3.0,22.0,Yes,,,,,0,0
2065,2022-01-14,Tech,8.0,405.0,1 Year,2.0,6.0,No,,,,,0,0
2066,2021-04-21,Manufacturing,17.0,884.0,2 Year,2.0,15.0,No,,,,,0,0
2067,2021-07-13,Retail,8.0,431.0,1 Year,0.0,15.0,No,recoded_from_1,,,,0,0
2068,2022-11-13,Retail,12.0,615.0,Month-to-Month,4.0,24.0,Yes,,,,,0,0
2069,2021-04-17,Retail,33.0,1647.0,Month-to-Month,3.0,3.0,No,,,,,0,0
2070,2020-02-24,Manufacturing,24.0,1202.0,1 Year,1.0,19.0,No,,,,,0,0
2071,2020-07-16,Retail,14.0,689.0,2 Year,1.0,24.0,No,,,,,0,0
2072,2021-02-17,Healthcare,36.0,1817.0,2 Year,1.0,15.0,No,,,,,0,0
2073,2020-02-06,Healthcare,11.0,534.0,1 Year,2.0,28.0,No,,,,,0,0
2074,2022-02-09,Education,11.0,586.0,1 Year,3.0,1.0,Yes,,,,,0,0
2075,2021-09-12,Retail,3.0,151.0,1 Year,4.0,13.0,No,,,,,0,0
2076,2020-08-12,Retail,26.0,1342.0,2 Year,1.0,17.0,No,,,,,0,0
2077,2020-11-16,Retail,22.0,1144.0,Month-to-Month,2.0,12.0,No,,,,,0,0
2078,2021-12-23,Finance,8.0,416.0,1 Year,5.0,1.0,Yes,,,,,0,0
2079,2022-01-20,Healthcare,11.0,574.0,2 Year,2.0,18.0,Yes,,,,,0,0
2080,2022-02-18,Tech,28.0,1392.0,1 Year,0.0,11.0,No,,,,,1,0
2081,2021-05-15,Tech,10.0,511.0,Month-to-Month,2.0,20.0,Yes,,,,,0,0
2082,2021-09-16,Tech,9.0,444.0,1 Year,2.0,5.0,Yes,,,,,0,0
2083,2022-08-01,Education,5.0,284.0,2 Year,3.0,16.0,No,,,,,0,0
2084,2022-08-19,Tech,26.0,1282.0,1 Year,2.0,12.0,No,,,,,0,0
2085,2022-09-27,Education,7.0,342.0,2 Year,2.0,21.0,No,,,,,0,0
2086,2021-11-26,Retail,4.0,201.0,2 Year,0.0,9.0,No,,,,,0,0
2087,2020-06-03,Manufacturing,27.0,1398.0,Month-to-Month,4.0,9.0,No,,,,,0,0
2088,2022-04-03,Manufacturing,20.0,1008.0,2 Year,1.0,23.0,No,,,,,0,0
2089,2020-07-13,Retail,41.0,2073.0,Unknown,0.0,2.0,No,,,,,0,1
2090,2021-03-05,Healthcare,12.0,624.0,Month-to-Month,1.0,20.0,No,,,,,0,0
2091,2022-06-05,Manufacturing,11.0,599.0,1 Year,0.0,6.0,No,,,,,1,0
2092,2022-07-17,Manufacturing,34.0,1750.0,Month-to-Month,5.0,28.0,Yes,,,,,0,0
2093,2021-01-17,Retail,35.0,1793.0,Month-to-Month,3.0,21.0,No,,,,,0,0
2094,2021-07-02,Manufacturing,37.0,1898.0,2 Year,4.0,27.0,No,,,,,0,0
2095,2020-05-02,Education,2.0,146.0,Month-to-Month,3.0,11.0,No,,,,,0,0
2096,2021-09-06,Education,10.0,535.0,1 Year,1.0,10.0,No,,,,,0,0
2097,2021-02-20,Education,22.0,1132.0,1 Year,2.0,26.0,No,,,,,0,0
2098,2021-04-28,Retail,13.0,681.0,Month-to-Month,2.0,3.0,Yes,,,,,0,0
2099,2022-09-21,Healthcare,10.0,535.0,1 Year,2.0,20.0,No,,,,,0,0
2100,2020-10-06,Finance,26.0,1283.0,1 Year,4.0,25.0,No,,,,,0,0
2101,2020-03-27,Healthcare,30.0,1542.0,Month-to-Month,3.0,1.0,Yes,,,,,0,0
2102,2020-05-10,Finance,5.0,282.0,1 Year,0.0,21.0,Yes,,,,,1,0
2103,2020-08-17,Manufacturing,13.0,694.0,Month-to-Month,1.0,16.0,No,,,,,0,0
2104,2021-05-30,Healthcare,11.0,593.0,Month-to-Month,3.0,7.0,No,,,,,0,0
2105,2021-11-05,Finance,12.0,629.0,2 Year,0.0,23.0,No,,,,,0,0
2106,2020-08-06,Manufacturing,14.0,702.0,Month-to-Month,4.0,8.0,No,,,,,0,0
2107,2020-04-24,Manufacturing,8.0,442.0,2 Year,1.0,11.0,No,,,,,0,0
2108,2022-05-17,Finance,24.0,1240.0,2 Year,4.0,7.0,No,,,,,0,0
2109,2022-01-13,Tech,22.0,1140.0,2 Year,3.0,11.0,Yes,,,,,0,0
2110,2020-04-21,Education,39.0,1960.0,1 Year,0.0,17.0,No,,,,,0,0
2111,2022-01-13,Tech,8.0,395.0,2 Year,2.0,27.0,No,,,,,0,0
2112,2022-03-15,Healthcare,9.0,462.0,1 Year,4.0,2.0,No,,,,,0,0
2113,2021-03-06,Education,5.0,250.0,1 Year,0.0,20.0,No,,,,,0,0
2114,2022-04-12,Retail,66.0,3284.0,1 Year,3.0,27.0,No,,,,,0,0
2115,2022-08-22,Tech,21.0,1082.0,1 Year,2.0,22.0,No,,,,,0,0
2116,2020-11-24,Manufacturing,38.0,1913.0,2 Year,3.0,2.0,No,,,,,0,0
2117,2021-10-31,Finance,4.0,238.0,2 Year,3.0,0.0,No,,,,,0,0
2118,2022-06-27,Tech,15.0,747.0,Month-to-Month,5.0,12.0,Yes,,,,,0,0
2119,2020-08-14,Education,14.0,700.0,Month-to-Month,4.0,16.0,No,,,,,0,0
2120,2020-09-23,Healthcare,4.0,232.0,1 Year,0.0,14.0,No,,,,,0,0
2121,2020-12-21,Retail,8.0,421.0,1 Year,2.0,6.0,No,,,,,0,0
2122,2022-02-11,Education,13.0,658.0,Month-to-Month,3.0,30.0,Yes,,,,,0,0
2123,2021-04-13,Tech,7.0,341.0,1 Year,2.0,6.0,No,,,,,0,0
2124,2022-04-01,Finance,17.0,884.0,2 Year,2.0,8.0,No,,,,,0,0
2125,2020-08-28,Retail,29.0,1431.0,2 Year,3.0,16.0,No,,,,,0,0
2126,2022-10-09,Healthcare,7.0,345.0,Month-to-Month,2.0,22.0,No,,,,,0,0
2127,2021-08-12,Finance,31.0,1593.0,1 Year,1.0,,No,,,,negative_set_to_missing,0,0
2128,2021-08-02,Healthcare,35.0,1754.0,1 Year,1.0,5.0,No,,,,,0,0
2129,2021-06-20,Education,5.0,260.0,2 Year,2.0,14.0,No,,,,,0,0
2130,2022-07-27,Education,5.0,240.0,Month-to-Month,2.0,15.0,No,,,,,0,0
2131,2022-03-25,Healthcare,3.0,157.0,2 Year,4.0,12.0,No,,,,,0,0
2132,2020-05-29,Retail,32.0,1592.0,2 Year,3.0,1.0,Yes,,,,,0,0
2133,2021-12-26,Retail,9.0,435.0,Month-to-Month,3.0,8.0,No,,,,,0,0
2134,2022-01-29,Manufacturing,25.0,1246.0,2 Year,3.0,1.0,No,,,,,0,0
2135,2022-10-06,Retail,27.0,1373.0,1 Year,1.0,4.0,No,,,,,0,0
2136,2020-10-17,Retail,18.0,913.0,Month-to-Month,2.0,10.0,Yes,,,,,0,0
2137,2021-07-29,Healthcare,17.0,876.0,1 Year,1.0,9.0,No,,,,,0,0
2138,2022-11-24,Retail,58.0,2920.0,1 Year,2.0,28.0,No,,,,,0,0
2139,2020-11-05,Tech,8.0,436.0,Month-to-Month,4.0,6.0,No,,,,,0,0
2140,2022-08-21,Tech,17.0,863.0,Month-to-Month,1.0,22.0,Yes,,,,,0,0
2141,2022-06-23,Education,58.0,2925.0,2 Year,3.0,17.0,No,,,,,0,0
2142,2020-10-30,Finance,58.0,2895.0,1 Year,2.0,2.0,No,,,,,0,0
2143,2022-11-07,Tech,10.0,514.0,2 Year,2.0,28.0,No,,,,,0,0
2144,2022-12-13,Education,20.0,1003.0,1 Year,3.0,,No,,,,negative_set_to_missing,0,0
2145,2020-07-12,Retail,20.0,1022.0,Month-to-Month,1.0,9.0,No,,,,,0,0
2146,2022-02-04,Education,33.0,1643.0,1 Year,1.0,4.0,Yes,,,,,0,0
2147,2022-09-09,Healthcare,41.0,2088.0,2 Year,3.0,30.0,No,,,,,0,0
2148,2020-03-30,Manufacturing,17.0,887.0,1 Year,2.0,30.0,No,,,,,0,0
2149,2020-09-21,Tech,20.0,1007.0,Month-to-Month,2.0,25.0,No,,,,,0,0
2150,2020-05-24,Finance,20.0,1050.0,2 Year,2.0,12.0,No,,,,,0,0
2151,2022-03-27,Retail,13.0,641.0,Month-to-Month,1.0,27.0,No,,,,,0,0
2152,2021-08-06,Healthcare,12.0,599.0,Month-to-Month,1.0,9.0,No,,,,,0,0
2153,2020-09-25,Retail,23.0,1175.0,2 Year,3.0,3.0,No,,,,,0,0
2154,2022-07-01,Retail,2.0,129.0,1 Year,1.0,8.0,No,,,,,0,0
2155,2022-01-24,Retail,8.0,403.0,1 Year,0.0,20.0,Yes,,,,,0,0
2156,2021-04-04,Healthcare,26.0,1299.0,1 Year,3.0,16.0,No,,,,,0,0
2157,2022-08-16,Education,12.0,635.0,Month-to-Month,2.0,29.0,Yes,,,,,0,0
2158,2021-09-07,Tech,22.0,1111.0,2 Year,0.0,13.0,No,,,,,1,0
2159,2020-04-02,Education,16.0,845.0,Month-to-Month,3.0,16.0,Yes,,,,,0,0
2160,2021-06-02,Tech,4.0,225.0,1 Year,2.0,18.0,No,,,,,0,0
2161,2022-08-05,Healthcare,30.0,1502.0,Month-to-Month,0.0,26.0,Yes,,,,,0,0
2162,2021-10-04,Finance,5.0,288.0,2 Year,4.0,14.0,No,,,,,0,0
2163,2021-03-08,Tech,11.0,553.0,Month-to-Month,2.0,23.0,Yes,,,,,0,0
2164,2022-06-07,Retail,8.0,448.0,Month-to-Month,0.0,0.0,Yes,,,,,0,0
2165,2022-07-31,Healthcare,27.0,1381.0,2 Year,2.0,30.0,No,,,,,0,0
2166,2022-01-08,Tech,14.0,730.0,1 Year,0.0,2.0,Yes,,,,,1,0
2167,2021-01-20,Retail,37.0,1833.0,Month-to-Month,0.0,15.0,No,,,,,0,0
2168,2021-01-25,Tech,68.0,3391.0,1 Year,0.0,24.0,No,,,,,0,0
2169,2020-08-26,Retail,30.0,1501.0,Month-to-Month,1.0,23.0,No,,,,,0,0
2170,2020-02-10,Retail,32.0,1637.0,2 Year,1.0,7.0,No,,,,,0,0
2171,2020-04-14,Retail,15.0,772.0,Month-to-Month,1.0,3.0,No,,,,,0,0
2172,2022-10-12,Manufacturing,3.0,200.0,1 Year,0.0,1.0,No,,,,,0,0
2173,2022-09-26,Healthcare,10.0,509.0,2 Year,3.0,1.0,No,,,,,0,0
2174,2020-05-10,Manufacturing,18.0,914.0,2 Year,2.0,13.0,No,,,,,0,0
2175,2021-12-11,Education,9.0,487.0,2 Year,1.0,13.0,Yes,,,,,0,0
2176,2021-01-28,Education,32.0,1640.0,1 Year,3.0,14.0,No,,,,,0,0
2177,2021-11-25,Retail,26.0,1339.0,Month-to-Month,0.0,28.0,No,,,,,0,0
2178,2022-01-07,Tech,11.0,590.0,Month-to-Month,3.0,,No,,,,negative_set_to_missing,0,0
2179,2022-09-15,Retail,6.0,296.0,Month-to-Month,1.0,6.0,No,,,,,0,0
2180,2022-10-08,Healthcare,2.0,118.0,Month-to-Month,3.0,6.0,No,,,,,0,0
2181,2021-06-18,Manufacturing,4.0,225.0,2 Year,2.0,5.0,No,,,,,0,0
2182,2020-03-06,Manufacturing,4.0,188.0,1 Year,0.0,13.0,No,,,,,0,0
2183,2021-04-03,Manufacturing,7.0,392.0,1 Year,4.0,10.0,No,,,,,0,0
2184,2021-07-01,Education,20.0,999.0,2 Year,3.0,27.0,No,,,,,0,0
2185,2020-04-13,Manufacturing,48.0,2436.0,1 Year,1.0,30.0,Yes,,,,,0,0
2186,2020-07-27,Finance,20.0,985.0,2 Year,1.0,3.0,No,,,,,0,0
2187,2022-01-10,Retail,4.0,200.0,2 Year,0.0,9.0,No,,,,,0,0
2188,2020-07-22,Finance,14.0,699.0,2 Year,4.0,11.0,No,,,,,0,0
2189,2022-06-18,Healthcare,16.0,833.0,Month-to-Month,0.0,7.0,No,,,,,0,0
2190,2022-10-31,Healthcare,38.0,1901.0,Month-to-Month,3.0,,No,,,,negative_set_to_missing,0,0
2191,2021-05-17,Retail,64.0,3199.0,2 Year,1.0,13.0,No,,,,,0,0
2192,2022-04-26,Healthcare,37.0,1882.0,1 Year,2.0,30.0,No,,,,,0,0
2193,2020-03-01,Tech,29.0,1486.0,Month-to-Month,4.0,24.0,Yes,,,,,0,0
2194,2020-06-22,Tech,32.0,1623.0,1 Year,2.0,12.0,No,,,,,0,0
2195,2022-03-16,Tech,9.0,434.0,2 Year,2.0,29.0,No,,,,,0,0
2196,2022-11-30,Healthcare,13.0,667.0,1 Year,0.0,12.0,No,,,,,1,0
2197,2021-10-04,Finance,3.0,174.0,Month-to-Month,3.0,26.0,No,,,,,0,0
2198,2022-04-07,Manufacturing,4.0,237.0,2 Year,3.0,6.0,No,,,,,0,0
2199,2022-06-24,Tech,13.0,674.0,2 Year,2.0,12.0,No,,,,,0,0
2200,2020-03-16,Finance,17.0,898.0,1 Year,2.0,12.0,No,,,,,0,0
2201,2022-12-01,Manufacturing,9.0,499.0,1 Year,3.0,6.0,No,,,,,0,0
2202,2021-11-28,Healthcare,16.0,800.0,Month-to-Month,1.0,0.0,No,,,,,0,0
2203,2021-05-09,Tech,2.0,118.0,2 Year,4.0,13.0,No,,,,,0,0
2204,2022-02-02,Education,12.0,613.0,2 Year,3.0,16.0,No,,,,,0,0
2205,2020-09-12,Finance,10.0,537.0,Unknown,6.0,18.0,No,,,,,0,1
2206,2022-12-28,Education,16.0,809.0,1 Year,1.0,9.0,No,,,,,0,0
2207,2020-10-13,Manufacturing,66.0,3328.0,2 Year,1.0,23.0,No,recoded_from_1,,,,0,0
2208,2021-01-29,Retail,5.0,276.0,1 Year,4.0,3.0,No,,,,,0,0
2209,2020-06-16,Retail,19.0,941.0,Month-to-Month,0.0,13.0,No,,,,,0,0
2210,2020-06-08,Retail,31.0,1577.0,2 Year,3.0,16.0,No,,,,,0,0
2211,2021-06-24,Retail,23.0,1193.0,2 Year,4.0,13.0,No,,,,,0,0
2212,2022-05-03,Finance,2.0,100.0,Month-to-Month,2.0,16.0,No,,,,,0,0
2213,2022-11-17,Education,27.0,1397.0,Month-to-Month,1.0,22.0,No,,,,,0,0
2214,2020-11-17,Manufacturing,21.0,1077.0,Month-to-Month,1.0,19.0,Yes,,,,,0,0
2215,2021-08-16,Healthcare,27.0,1335.0,2 Year,2.0,4.0,No,,,,,0,0
2216,2021-09-13,Manufacturing,16.0,817.0,1 Year,3.0,0.0,No,,,,,0,0
2217,2022-05-13,Education,20.0,986.0,1 Year,0.0,28.0,No,,,,,0,0
2218,2022-09-28,Retail,16.0,780.0,Month-to-Month,1.0,,No,,,,negative_set_to_missing,0,0
2219,2022-09-12,Retail,25.0,1269.0,2 Year,5.0,14.0,No,,,,,0,0
2220,2020-09-28,Retail,3.0,147.0,2 Year,0.0,20.0,No,,,,,1,0
2221,2020-11-01,Retail,2.0,121.0,Month-to-Month,1.0,25.0,No,,,,,0,0
2222,2021-04-21,Retail,19.0,980.0,1 Year,3.0,17.0,Yes,,,,,0,0
2223,2021-07-22,Education,19.0,941.0,Month-to-Month,2.0,22.0,Yes,,,,,0,0
2224,2021-09-24,Manufacturing,4.0,195.0,2 Year,1.0,17.0,No,,,,,0,0
2225,2020-04-18,Tech,49.0,2496.0,Month-to-Month,3.0,24.0,No,,,,,0,0
2226,2022-12-25,Manufacturing,8.0,403.0,Month-to-Month,7.0,8.0,Yes,,,,,0,0
2227,2022-06-28,Retail,17.0,840.0,2 Year,1.0,19.0,No,,,,,0,0
2228,2020-02-17,Healthcare,11.0,573.0,1 Year,0.0,5.0,No,,,,,0,0
2229,2022-02-21,Healthcare,75.0,3762.0,Month-to-Month,3.0,3.0,No,,,,,0,0
2230,2020-10-21,Retail,28.0,1403.0,1 Year,1.0,24.0,No,,,,,0,0
2231,2020-12-12,Healthcare,45.0,2237.0,2 Year,0.0,30.0,Yes,,,,,0,0
2232,2022-03-09,Retail,13.0,642.0,1 Year,2.0,4.0,No,,,,,0,0
2233,2020-09-04,Retail,15.0,736.0,Month-to-Month,0.0,7.0,No,,,,,1,0
2234,2022-11-07,Manufacturing,18.0,944.0,1 Year,1.0,30.0,Yes,,,,,0,0
2235,2022-04-13,Tech,17.0,838.0,1 Year,3.0,,No,,,,negative_set_to_missing,0,0
2236,2021-07-05,Education,23.0,1200.0,2 Year,1.0,21.0,No,,,,,0,0
2237,2020-09-14,Manufacturing,27.0,1368.0,2 Year,0.0,13.0,No,,,,,1,0
2238,2021-02-20,Manufacturing,11.0,548.0,1 Year,3.0,17.0,No,,,,,0,0
2239,2022-05-17,Manufacturing,34.0,1737.0,Month-to-Month,3.0,0.0,No,,,,,0,0
2240,2021-08-15,Manufacturing,5.0,251.0,Month-to-Month,2.0,1.0,No,,,,,0,0
2241,2021-05-28,Manufacturing,22.0,1128.0,1 Year,2.0,26.0,No,,,,,0,0
2242,2021-07-30,Retail,2.0,85.0,Month-to-Month,1.0,23.0,Yes,,,,,0,0
2243,2020-09-08,Finance,9.0,447.0,2 Year,2.0,17.0,No,,,,,0,0
2244,2022-10-30,Education,8.0,420.0,2 Year,1.0,30.0,No,,,,,0,0
2245,2022-07-16,Retail,5.0,264.0,Month-to-Month,3.0,21.0,No,,,,,0,0
2246,2021-11-03,Tech,15.0,732.0,2 Year,1.0,4.0,Yes,,,,,0,0
2247,2020-01-20,Retail,16.0,802.0,1 Year,2.0,17.0,No,,,,,0,0
2248,2020-06-15,Retail,33.0,1639.0,2 Year,1.0,0.0,No,,,,,0,0
2249,2020-09-09,Education,19.0,975.0,1 Year,2.0,26.0,No,,,,,0,0
2250,2020-01-18,Finance,24.0,1195.0,1 Year,1.0,11.0,No,,,,,0,0
2251,2020-02-10,Manufacturing,10.0,515.0,2 Year,2.0,29.0,No,,,,,0,0
2252,2021-09-12,Education,20.0,1008.0,Month-to-Month,2.0,15.0,Yes,,,,,0,0
2253,2021-03-04,Manufacturing,14.0,680.0,Month-to-Month,1.0,26.0,Yes,,,,,0,0
2254,2022-10-21,Education,18.0,943.0,Month-to-Month,3.0,17.0,No,,,,,0,0
2255,2020-12-25,Manufacturing,6.0,288.0,2 Year,0.0,4.0,No,,,,,0,0
2256,2021-04-11,Tech,7.0,396.0,2 Year,0.0,25.0,No,,,,,1,0
2257,2022-12-27,Education,26.0,1312.0,2 Year,3.0,17.0,Yes,,,,,0,0
2258,2020-04-16,Education,25.0,1271.0,1 Year,2.0,27.0,No,recoded_from_1,,,,0,0
2259,2022-11-27,Tech,32.0,1639.0,1 Year,2.0,11.0,Yes,,,,,0,0
2260,2021-07-23,Healthcare,19.0,983.0,2 Year,3.0,14.0,No,,,,,0,0
2261,2020-06-16,Tech,29.0,1433.0,2 Year,1.0,7.0,No,,,,,0,0
2262,2021-05-26,Tech,29.0,1455.0,Month-to-Month,2.0,10.0,No,,,,,0,0
2263,2020-02-27,Healthcare,22.0,1141.0,1 Year,1.0,25.0,Yes,,,,,0,0
2264,2021-05-27,Tech,8.0,411.0,Month-to-Month,2.0,15.0,No,,,,,0,0
2265,2021-11-14,Retail,12.0,646.0,Month-to-Month,4.0,30.0,No,,,,,0,0
2266,2020-07-14,Tech,12.0,637.0,2 Year,1.0,3.0,No,,,,,0,0
2267,2022-02-11,Retail,7.0,370.0,2 Year,3.0,2.0,No,,,,,0,0
2268,2020-04-22,Tech,61.0,3068.0,2 Year,3.0,20.0,No,,,,,0,0
2269,2020-04-16,Finance,21.0,1067.0,1 Year,0.0,12.0,No,,,,,1,0
2270,2020-01-22,Manufacturing,9.0,488.0,1 Year,4.0,14.0,No,,,,,0,0
2271,2020-07-26,Healthcare,26.0,1323.0,2 Year,0.0,30.0,Yes,,,,,1,0
2272,2021-01-29,Manufacturing,3.0,143.0,Month-to-Month,5.0,0.0,Yes,,,,,0,0
2273,2020-09-15,Retail,7.0,395.0,1 Year,4.0,11.0,No,,,,,0,0
2274,2021-01-15,Healthcare,3.0,161.0,Month-to-Month,1.0,25.0,Yes,,,,,0,0
2275,2022-06-11,Manufacturing,12.0,645.0,2 Year,2.0,24.0,No,,,,,0,0
2276,2020-10-25,Tech,9.0,448.0,1 Year,0.0,9.0,No,,,,,1,0
2277,2022-11-26,Tech,13.0,648.0,Month-to-Month,1.0,7.0,No,,,,,0,0
2278,2022-05-14,Healthcare,26.0,1324.0,Month-to-Month,2.0,6.0,Yes,,,,,0,0
2279,2021-01-22,Healthcare,17.0,890.0,2 Year,5.0,22.0,No,,,,,0,0
2280,2021-11-18,Tech,23.0,1168.0,1 Year,0.0,10.0,No,,,,,0,0
2281,2022-10-12,Manufacturing,2.0,108.0,Month-to-Month,4.0,20.0,No,,,,,0,0
2282,2021-03-12,Education,8.0,410.0,1 Year,4.0,23.0,No,,,,,0,0
2283,2022-02-08,Tech,11.0,556.0,1 Year,1.0,5.0,Yes,,,,,0,0
2284,2022-01-02,Education,21.0,1033.0,2 Year,1.0,3.0,No,,,,,0,0
2285,2022-01-07,Education,31.0,1535.0,Month-to-Month,2.0,6.0,Yes,,,,,0,0
2286,2020-12-22,Tech,13.0,673.0,2 Year,5.0,7.0,Yes,,,,,0,0
2287,2020-02-12,Finance,1.0,47.0,1 Year,2.0,20.0,No,,,,,0,0
2288,2021-09-16,Manufacturing,12.0,638.0,Month-to-Month,2.0,11.0,No,,,,,0,0
2289,2022-06-07,Finance,2.0,88.0,Month-to-Month,0.0,4.0,Yes,,,,,0,0
2290,2022-12-26,Education,13.0,678.0,2 Year,3.0,11.0,No,,,,,0,0
2291,2021-05-15,Finance,12.0,585.0,2 Year,2.0,18.0,No,,,,,0,0
2292,2021-11-02,Manufacturing,6.0,311.0,Month-to-Month,6.0,20.0,No,,,,,0,0
2293,2022-09-28,Manufacturing,15.0,756.0,2 Year,2.0,2.0,No,,,,,0,0
2294,2020-05-12,Manufacturing,7.0,351.0,2 Year,0.0,12.0,No,,,,,0,0
2295,2022-02-05,Manufacturing,49.0,2493.0,2 Year,2.0,14.0,No,,,,,0,0
2296,2022-09-16,Manufacturing,40.0,2043.0,1 Year,3.0,8.0,No,,,,,0,0
2297,2020-03-15,Retail,3.0,156.0,Month-to-Month,2.0,28.0,No,,,,,0,0
2298,2021-03-23,Healthcare,63.0,3169.0,1 Year,4.0,28.0,No,,,,,0,0
2299,2021-06-05,Manufacturing,5.0,300.0,Month-to-Month,3.0,4.0,No,,,,,0,0
2300,2021-12-21,Retail,2.0,109.0,2 Year,1.0,1.0,No,,,,,0,0
2301,2022-07-12,Healthcare,21.0,1089.0,1 Year,1.0,13.0,No,,,,,0,0
2302,2022-02-22,Healthcare,3.0,133.0,Month-to-Month,1.0,14.0,No,,,,,0,0
2303,2020-06-17,Healthcare,36.0,1817.0,2 Year,3.0,16.0,No,,,,,0,0
2304,2021-04-11,Healthcare,12.0,592.0,Month-to-Month,2.0,2.0,No,,,,,0,0
2305,2021-02-06,Healthcare,1.0,72.0,1 Year,4.0,9.0,No,,,,,0,0
2306,2021-01-25,Healthcare,32.0,1597.0,2 Year,0.0,23.0,No,,,,,0,0
2307,2021-07-31,Education,16.0,824.0,1 Year,1.0,30.0,No,,,,,0,0
2308,2020-01-25,Retail,4.0,240.0,2 Year,3.0,16.0,No,,,,,0,0
2309,2021-04-11,Manufacturing,29.0,1459.0,2 Year,2.0,23.0,No,,,,,0,0
2310,2022-08-17,Retail,7.0,389.0,1 Year,4.0,25.0,No,,,,,0,0
2311,2022-05-05,Manufacturing,10.0,506.0,1 Year,2.0,14.0,Yes,,,,,0,0
2312,2020-09-19,Healthcare,49.0,2469.0,2 Year,2.0,0.0,No,,,,,0,0
2313,2021-11-26,Education,6.0,308.0,1 Year,0.0,13.0,No,,,,,0,0
2314,2021-09-05,Finance,16.0,821.0,2 Year,2.0,0.0,Yes,,,,,0,0
2315,2021-11-07,Retail,26.0,1330.0,1 Year,2.0,6.0,No,,,,,0,0
2316,2021-01-20,Healthcare,44.0,2240.0,Month-to-Month,2.0,10.0,No,,,,,0,0
2317,2020-07-09,Manufacturing,22.0,1101.0,Month-to-Month,2.0,21.0,Yes,,,,,0,0
2318,2022-09-27,Finance,11.0,533.0,Month-to-Month,4.0,6.0,No,,,,,0,0
2319,2021-08-19,Tech,35.0,1797.0,Month-to-Month,2.0,14.0,Yes,,,,,0,0
2320,2020-12-17,Manufacturing,11.0,571.0,1 Year,1.0,12.0,No,,,,,0,0
2321,2022-05-06,Finance,33.0,1691.0,2 Year,0.0,2.0,No,,,,,0,0
2322,2020-09-23,Finance,37.0,1856.0,1 Year,3.0,13.0,No,,,,,0,0
2323,2021-09-27,Tech,1.0,55.0,2 Year,4.0,22.0,No,,,,,0,0
2324,2020-10-19,Manufacturing,6.0,337.0,Month-to-Month,0.0,26.0,No,,,,,0,0
2325,2021-11-04,Healthcare,8.0,442.0,1 Year,4.0,14.0,No,,,,,0,0
2326,2022-07-23,Manufacturing,8.0,424.0,2 Year,0.0,26.0,No,,,,,0,0
2327,2020-12-24,Retail,23.0,1183.0,Month-to-Month,1.0,5.0,No,,,,,0,0
2328,2022-02-26,Tech,11.0,553.0,2 Year,0.0,18.0,No,,,,,0,0
2329,2021-05-05,Tech,8.0,400.0,1 Year,2.0,28.0,No,,,,,0,0
2330,2021-03-20,Tech,9.0,493.0,1 Year,2.0,24.0,No,,,,,0,0
2331,2020-08-03,Manufacturing,39.0,1994.0,1 Year,5.0,13.0,No,,,,,0,0
2332,2020-04-01,Retail,8.0,439.0,Month-to-Month,1.0,2.0,No,,,,,0,0
2333,2022-02-19,Tech,5.0,273.0,2 Year,3.0,12.0,No,,,,,0,0
2334,2021-05-28,Retail,32.0,1594.0,2 Year,0.0,29.0,No,,,,,1,0
2335,2022-09-19,Retail,6.0,339.0,Month-to-Month,2.0,2.0,No,,,,,0,0
2336,2020-10-14,Manufacturing,22.0,1140.0,1 Year,4.0,26.0,No,,,,,0,0
2337,2020-07-24,Tech,6.0,302.0,1 Year,4.0,3.0,No,,,,,0,0
2338,2020-01-23,Education,16.0,814.0,Month-to-Month,1.0,14.0,Yes,,,,,0,0
2339,2022-12-26,Education,11.0,557.0,1 Year,0.0,22.0,No,,,,,1,0
2340,2020-07-29,Tech,17.0,879.0,2 Year,2.0,9.0,No,,,,,0,0
2341,2022-02-11,Retail,4.0,205.0,Month-to-Month,3.0,11.0,Yes,,,,,0,0
2342,2020-02-27,Finance,16.0,781.0,1 Year,3.0,26.0,No,,,,,0,0
2343,2020-07-16,Tech,37.0,1851.0,2 Year,0.0,5.0,Yes,,,,,0,0
2344,2021-10-31,Manufacturing,45.0,2271.0,2 Year,2.0,20.0,No,,,,,0,0
2345,2022-03-20,Finance,35.0,1784.0,Month-to-Month,0.0,7.0,No,,,,,0,0
2346,2020-01-31,Retail,2.0,131.0,2 Year,1.0,10.0,Yes,,,,,0,0
2347,2021-03-26,Tech,4.0,188.0,2 Year,0.0,26.0,No,,,,,0,0
2348,2020-05-17,Tech,27.0,1357.0,1 Year,0.0,9.0,No,,,,,1,0
2349,2020-12-17,Retail,17.0,862.0,Month-to-Month,1.0,19.0,No,,,,,0,0
2350,2020-09-29,Education,4.0,222.0,Month-to-Month,2.0,20.0,No,,,,,0,0
2351,2022-09-14,Retail,33.0,1638.0,1 Year,1.0,0.0,No,,,,,0,0
2352,2022-11-12,Manufacturing,17.0,859.0,2 Year,2.0,18.0,Yes,,,,,0,0
2353,2020-09-11,Tech,57.0,2869.0,Month-to-Month,4.0,23.0,Yes,,,,,0,0
2354,2020-10-08,Education,11.0,577.0,1 Year,1.0,9.0,No,,,,,0,0
2355,2020-03-18,Healthcare,8.0,410.0,2 Year,2.0,19.0,No,,,,,0,0
2356,2020-10-01,Education,30.0,1515.0,1 Year,2.0,20.0,Yes,,,,,0,0
2357,2021-08-13,Finance,29.0,1433.0,Month-to-Month,2.0,27.0,No,,,,,0,0
2358,2020-04-20,Retail,10.0,511.0,2 Year,0.0,22.0,No,,,,,1,0
2359,2022-12-03,Tech,3.0,171.0,Unknown,3.0,14.0,Yes,,,,,0,1
2360,2021-01-29,Finance,13.0,636.0,2 Year,3.0,4.0,No,recoded_from_1,,,,0,0
2361,2021-02-22,Finance,3.0,160.0,2 Year,3.0,2.0,No,,,,,0,0
2362,2021-02-08,Manufacturing,16.0,811.0,1 Year,2.0,5.0,No,,,,,0,0
2363,2022-07-07,Retail,9.0,455.0,1 Year,2.0,27.0,Yes,,,,,0,0
2364,2022-02-12,Retail,86.0,4301.0,1 Year,4.0,14.0,No,,,,,0,0
2365,2020-11-15,Healthcare,6.0,341.0,Month-to-Month,1.0,24.0,No,,,,,0,0
2366,2020-11-08,Retail,17.0,900.0,2 Year,3.0,5.0,No,,,,,0,0
2367,2021-08-03,Education,17.0,878.0,2 Year,6.0,19.0,No,,,,,0,0
2368,2022-08-19,Education,2.0,105.0,Month-to-Month,4.0,29.0,Yes,,,,,0,0
2369,2022-02-05,Education,15.0,792.0,1 Year,1.0,29.0,No,,,,,0,0
2370,2022-02-03,Retail,25.0,1279.0,1 Year,2.0,9.0,No,,,,,0,0
2371,2020-03-20,Retail,21.0,1045.0,1 Year,2.0,29.0,No,,,,,0,0
2372,2021-06-06,Education,30.0,1524.0,2 Year,1.0,22.0,No,,,,,0,0
2373,2020-04-28,Healthcare,30.0,1529.0,1 Year,0.0,23.0,No,,,,,1,0
2374,2020-02-27,Healthcare,22.0,1098.0,1 Year,0.0,19.0,No,,,,,0,0
2375,2021-05-21,Retail,3.0,150.0,Month-to-Month,1.0,3.0,No,,,,,0,0
2376,2022-03-25,Retail,12.0,590.0,2 Year,0.0,29.0,No,,,,,0,0
2377,2021-06-01,Manufacturing,11.0,568.0,2 Year,1.0,30.0,No,,,,,0,0
2378,2021-09-22,Healthcare,5.0,282.0,Unknown,1.0,27.0,No,,,,,0,1
2379,2020-10-19,Healthcare,33.0,1664.0,2 Year,0.0,6.0,No,,,,,0,0
2380,2020-01-14,Retail,14.0,701.0,1 Year,2.0,0.0,No,,,,,0,0
2381,2022-12-11,Healthcare,21.0,1083.0,2 Year,2.0,9.0,No,,,,,0,0
2382,2021-01-16,Retail,6.0,297.0,Month-to-Month,2.0,15.0,No,,,,,0,0
2383,2021-03-11,Finance,16.0,803.0,Month-to-Month,2.0,1.0,No,,,,,0,0
2384,2021-06-15,Education,6.0,332.0,1 Year,1.0,20.0,No,,,,,0,0
2385,2020-12-06,Healthcare,3.0,140.0,1 Year,0.0,2.0,No,,,,,0,0
2386,2020-03-01,Tech,10.0,510.0,1 Year,3.0,15.0,No,,,,,0,0
2387,2021-06-28,Manufacturing,17.0,830.0,Unknown,1.0,18.0,Yes,,,,,0,1
2388,2020-01-15,Retail,24.0,1228.0,2 Year,0.0,16.0,No,,,,,0,0
2389,2022-08-27,Healthcare,8.0,423.0,2 Year,1.0,13.0,No,,,,,0,0
2390,2021-10-07,Healthcare,57.0,2860.0,1 Year,1.0,21.0,No,,,,,0,0
2391,2021-11-07,Finance,10.0,492.0,Month-to-Month,1.0,14.0,No,,,,,0,0
2392,2020-02-22,Finance,9.0,445.0,2 Year,4.0,8.0,No,,,,,0,0
2393,2022-01-24,Retail,23.0,1187.0,2 Year,2.0,21.0,No,,,,,0,0
2394,2021-01-19,Education,61.0,3030.0,2 Year,1.0,30.0,No,,,,,0,0
2395,2022-01-07,Retail,53.0,2635.0,2 Year,1.0,10.0,No,,,,,0,0
2396,2022-03-30,Retail,13.0,640.0,1 Year,1.0,13.0,No,,,,,0,0
2397,2020-07-24,Manufacturing,22.0,1129.0,1 Year,3.0,19.0,No,,,,,0,0
2398,2022-10-30,Education,27.0,1334.0,Month-to-Month,1.0,15.0,No,,,,,0,0
2399,2022-08-14,Finance,20.0,1001.0,1 Year,0.0,30.0,No,recoded_from_1,,,,0,0
2400,2021-05-13,Tech,26.0,1307.0,Month-to-Month,0.0,24.0,No,,,,,0,0
2401,2022-06-09,Healthcare,17.0,833.0,Month-to-Month,1.0,29.0,No,,,,,0,0
2402,2021-03-27,Education,8.0,412.0,2 Year,2.0,15.0,No,,,,,0,0
2403,2020-10-05,Healthcare,6.0,348.0,2 Year,2.0,23.0,No,,,,,0,0
2404,2021-04-03,Education,37.0,1838.0,2 Year,0.0,10.0,No,,,,,0,0
2405,2022-02-20,Tech,18.0,935.0,Month-to-Month,0.0,7.0,No,,,,,0,0
2406,2020-07-01,Tech,41.0,2073.0,2 Year,3.0,18.0,No,,,,,0,0
2407,2022-01-23,Healthcare,26.0,1296.0,1 Year,1.0,30.0,No,,,,,0,0
2408,2020-05-06,Healthcare,51.0,2598.0,Month-to-Month,2.0,27.0,No,,,,,0,0
2409,2020-09-15,Tech,3.0,196.0,Unknown,3.0,19.0,No,,,,,0,1
2410,2022-08-01,Retail,1.0,70.0,Month-to-Month,0.0,26.0,No,,,,,0,0
2411,2022-07-22,Education,7.0,348.0,2 Year,0.0,9.0,No,,,,,1,0
2412,2020-03-11,Education,26.0,1320.0,1 Year,0.0,16.0,No,,,,,0,0
2413,2022-09-06,Healthcare,34.0,1707.0,1 Year,1.0,9.0,No,,,,,0,0
2414,2020-11-08,Tech,5.0,256.0,2 Year,1.0,29.0,No,,,,,0,0
2415,2021-01-01,Finance,14.0,742.0,2 Year,1.0,12.0,No,,,,,0,0
2416,2020-02-14,Healthcare,19.0,1000.0,1 Year,0.0,10.0,No,,,,,0,0
2417,2022-03-12,Finance,21.0,1080.0,Month-to-Month,2.0,16.0,No,,,,,0,0
2418,2022-03-17,Tech,7.0,342.0,Month-to-Month,0.0,10.0,No,,,,,0,0
2419,2021-09-14,Retail,1.0,88.0,2 Year,4.0,5.0,No,,,,,0,0
2420,2021-08-19,Tech,41.0,2048.0,Month-to-Month,1.0,6.0,Yes,,,,,0,0
2421,2022-01-11,Retail,27.0,1343.0,2 Year,2.0,25.0,No,,,,,0,0
2422,2020-12-10,Tech,13.0,637.0,Month-to-Month,3.0,11.0,Yes,,,,,0,0
2423,2022-11-21,Retail,17.0,873.0,2 Year,2.0,13.0,No,,,,,0,0
2424,2021-05-16,Manufacturing,35.0,1734.0,Month-to-Month,2.0,7.0,No,,,,,0,0
2425,2020-12-19,Education,14.0,728.0,2 Year,4.0,25.0,Yes,,,,,0,0
2426,2022-02-21,Tech,1.0,65.0,2 Year,1.0,20.0,Yes,,,,,0,0
2427,2020-09-06,Manufacturing,35.0,1792.0,2 Year,0.0,21.0,No,,,,,0,0
2428,2022-09-09,Retail,19.0,965.0,2 Year,2.0,23.0,No,,,,,0,0
2429,2022-09-18,Education,18.0,935.0,1 Year,2.0,18.0,No,,,,,0,0
2430,2021-01-13,Manufacturing,6.0,331.0,2 Year,2.0,0.0,No,,,,,0,0
2431,2022-09-27,Education,20.0,988.0,2 Year,1.0,26.0,No,,,,,0,0
2432,2020-09-11,Education,7.0,356.0,2 Year,0.0,28.0,No,,,,,0,0
2433,2021-01-03,Finance,18.0,880.0,2 Year,0.0,14.0,No,,,,,1,0
2434,2021-02-26,Tech,1.0,50.0,Month-to-Month,2.0,17.0,No,,,,,0,0
2435,2020-09-12,Education,13.0,694.0,1 Year,4.0,11.0,No,,,,,0,0
2436,2020-01-01,Healthcare,11.0,561.0,1 Year,1.0,1.0,No,,,,,0,0
2437,2022-12-29,Healthcare,18.0,936.0,Month-to-Month,0.0,18.0,No,,,,,0,0
2438,2022-11-11,Finance,16.0,806.0,2 Year,4.0,3.0,Yes,,,,,0,0
2439,2020-10-17,Manufacturing,11.0,568.0,Month-to-Month,1.0,30.0,No,,,,,0,0
2440,2022-01-05,Healthcare,59.0,2965.0,Month-to-Month,4.0,23.0,Yes,,,,,0,0
2441,2022-02-20,Retail,16.0,800.0,1 Year,1.0,14.0,No,,,,,0,0
2442,2020-10-20,Education,52.0,2648.0,Month-to-Month,0.0,2.0,No,,,,,0,0
2443,2021-01-29,Finance,27.0,1377.0,2 Year,1.0,21.0,No,,,,,0,0
2444,2022-05-09,Finance,1.0,49.0,1 Year,5.0,25.0,Yes,,,,,0,0
2445,2020-06-07,Tech,57.0,2864.0,Month-to-Month,2.0,,No,,,,negative_set_to_missing,0,0
2446,2021-11-05,Finance,22.0,1091.0,1 Year,3.0,29.0,No,,,,,0,0
2447,2021-07-14,Tech,31.0,1531.0,Month-to-Month,3.0,12.0,Yes,,,,,0,0
2448,2020-12-25,Retail,5.0,297.0,2 Year,2.0,28.0,No,,,,,0,0
2449,2020-07-14,Healthcare,7.0,397.0,1 Year,1.0,22.0,No,,,,,0,0
2450,2020-07-21,Healthcare,10.0,486.0,Month-to-Month,3.0,10.0,No,,,,,0,0
2451,2022-12-24,Finance,19.0,1000.0,2 Year,4.0,28.0,No,,,,,0,0
2452,2021-06-14,Finance,35.0,1731.0,2 Year,3.0,16.0,No,,,,,0,0
2453,2022-02-14,Education,15.0,764.0,Month-to-Month,0.0,29.0,No,,,,,0,0
2454,2021-05-25,Retail,13.0,683.0,2 Year,2.0,14.0,No,,,,,0,0
2455,2022-10-25,Finance,8.0,416.0,1 Year,1.0,30.0,No,,,,,0,0
2456,2021-09-17,Education,10.0,491.0,1 Year,1.0,13.0,No,,,,,0,0
2457,2020-06-11,Tech,25.0,1239.0,2 Year,4.0,,No,,,,negative_set_to_missing,0,0
2458,2020-06-22,Retail,27.0,1366.0,2 Year,3.0,29.0,No,,,,,0,0
2459,2022-11-07,Manufacturing,41.0,2047.0,1 Year,3.0,15.0,No,,,,,0,0
2460,2020-09-12,Tech,33.0,1681.0,Month-to-Month,4.0,19.0,No,,,,,0,0
2461,2022-05-20,Manufacturing,68.0,3448.0,2 Year,0.0,11.0,No,,,,,0,0
2462,2020-03-27,Finance,25.0,1287.0,Month-to-Month,2.0,21.0,No,,,,,0,0
2463,2020-12-24,Tech,12.0,589.0,1 Year,4.0,26.0,No,,,,,0,0
2464,2022-05-15,Education,24.0,1243.0,1 Year,4.0,5.0,No,,,,,0,0
2465,2021-05-26,Finance,17.0,899.0,Month-to-Month,2.0,9.0,No,,,,,0,0
2466,2020-01-05,Education,11.0,580.0,Month-to-Month,1.0,29.0,No,,,,,0,0
2467,2022-11-21,Healthcare,20.0,984.0,1 Year,1.0,28.0,No,,,,,0,0
2468,2020-01-13,Retail,16.0,838.0,1 Year,1.0,9.0,Yes,,,,,0,0
2469,2021-12-27,Finance,14.0,681.0,Month-to-Month,2.0,13.0,Yes,,,,,0,0
2470,2022-04-21,Finance,7.0,345.0,1 Year,1.0,0.0,No,,,,,0,0
2471,2022-08-21,Manufacturing,27.0,1380.0,1 Year,1.0,9.0,No,,,,,0,0
2472,2021-07-05,Healthcare,19.0,943.0,1 Year,1.0,21.0,No,,,,,0,0
2473,2022-06-07,Finance,12.0,580.0,1 Year,1.0,28.0,No,,,,,0,0
2474,2021-08-06,Tech,2.0,85.0,Month-to-Month,1.0,12.0,No,,,,,0,0
2475,2020-11-24,Retail,8.0,405.0,1 Year,2.0,30.0,No,,,,,0,0
2476,2022-09-28,Manufacturing,22.0,1150.0,1 Year,2.0,25.0,Yes,,,,,0,0
2477,2022-03-07,Healthcare,14.0,696.0,Month-to-Month,2.0,30.0,Yes,,,,,0,0
2478,2022-10-21,Manufacturing,8.0,381.0,2 Year,0.0,7.0,No,,,,,0,0
2479,2020-01-17,Retail,17.0,885.0,1 Year,1.0,9.0,No,,,,,0,0
2480,2021-05-22,Tech,52.0,2599.0,2 Year,0.0,16.0,No,,,,,0,0
2481,2021-06-23,Tech,35.0,1761.0,2 Year,2.0,26.0,No,,,,,0,0
2482,2022-10-25,Finance,10.0,503.0,Month-to-Month,0.0,27.0,No,,,,,0,0
2483,2020-09-03,Finance,16.0,796.0,1 Year,0.0,1.0,No,,,,,1,0
2484,2022-05-23,Retail,27.0,1332.0,2 Year,1.0,6.0,No,,,,,0,0
2485,2022-12-11,Retail,54.0,2719.0,Unknown,0.0,20.0,No,,,,,0,1
2486,2022-09-08,Healthcare,7.0,337.0,2 Year,1.0,13.0,No,,,,,0,0
2487,2022-01-14,Tech,9.0,465.0,1 Year,3.0,22.0,No,,,,,0,0
2488,2021-01-07,Healthcare,12.0,585.0,Month-to-Month,0.0,1.0,No,,,,,0,0
2489,2022-08-24,Retail,14.0,715.0,2 Year,1.0,3.0,No,,,,,0,0
2490,2022-01-14,Finance,7.0,372.0,1 Year,0.0,3.0,Yes,,,,,1,0
2491,2021-11-09,Manufacturing,46.0,2326.0,2 Year,4.0,25.0,No,,,,,0,0
2492,2022-01-31,Tech,9.0,460.0,2 Year,1.0,8.0,No,,,,,0,0
2493,2020-09-24,Finance,65.0,3245.0,Month-to-Month,3.0,18.0,No,,,,,0,0
2494,2021-01-30,Healthcare,7.0,387.0,Month-to-Month,4.0,2.0,No,,,,,0,0
2495,2022-08-29,Manufacturing,34.0,1705.0,2 Year,2.0,23.0,Yes,,,,,0,0
2496,2021-06-01,Retail,6.0,324.0,1 Year,1.0,14.0,No,,,,,0,0
2497,2020-05-18,Tech,33.0,1691.0,1 Year,1.0,16.0,No,,,,,0,0
2498,2020-12-07,Tech,17.0,865.0,2 Year,3.0,30.0,Yes,,,,,0,0
2499,2021-01-24,Tech,32.0,1630.0,1 Year,3.0,21.0,No,,,,,0,0
2500,2020-12-04,Manufacturing,10.0,536.0,2 Year,1.0,12.0,No,,,,,0,0
2501,2021-07-10,Tech,25.0,1256.0,Month-to-Month,3.0,0.0,Yes,,,,,0,0
2502,2022-11-16,Finance,23.0,1188.0,2 Year,2.0,22.0,No,,,,,0,0
2503,2021-08-29,Finance,29.0,1464.0,2 Year,2.0,3.0,No,,,,,0,0
2504,2021-08-20,Finance,11.0,535.0,2 Year,3.0,4.0,No,,,,,0,0
2505,2021-07-07,Tech,39.0,1936.0,2 Year,2.0,7.0,No,,,,,0,0
2506,2020-01-03,Education,14.0,724.0,2 Year,1.0,19.0,No,,,,,0,0
2507,2021-06-24,Tech,7.0,347.0,1 Year,5.0,28.0,No,,,,,0,0
2508,2020-01-22,Manufacturing,24.0,1225.0,Month-to-Month,1.0,23.0,Yes,,,,,0,0
2509,2020-08-05,Manufacturing,26.0,1328.0,2 Year,2.0,8.0,No,,,,,0,0
2510,2021-02-26,Retail,1.0,86.0,Month-to-Month,2.0,10.0,No,,,,,0,0
2511,2020-11-14,Retail,11.0,587.0,Month-to-Month,3.0,23.0,No,,,,,0,0
2512,2020-07-10,Finance,10.0,543.0,Month-to-Month,3.0,14.0,No,,,,,0,0
2513,2022-10-01,Retail,18.0,903.0,2 Year,2.0,9.0,No,,,,,0,0
2514,2021-01-19,Education,70.0,3488.0,Month-to-Month,1.0,2.0,No,,,,,0,0
2515,2022-04-04,Tech,8.0,392.0,2 Year,3.0,16.0,No,,,,,0,0
2516,2020-07-23,Tech,17.0,878.0,1 Year,4.0,0.0,Yes,,,,,0,0
2517,2020-09-27,Tech,31.0,1561.0,Month-to-Month,0.0,8.0,No,,,,,1,0
2518,2020-01-20,Tech,26.0,1293.0,2 Year,3.0,23.0,No,,,,,0,0
2519,2021-02-18,Finance,26.0,1297.0,1 Year,1.0,24.0,No,,,,,0,0
2520,2021-09-21,Healthcare,7.0,372.0,1 Year,1.0,4.0,No,,,,,0,0
2521,2020-09-09,Finance,9.0,432.0,Month-to-Month,1.0,3.0,Yes,,,,,0,0
2522,2020-01-03,Healthcare,18.0,908.0,Month-to-Month,2.0,7.0,Yes,,,,,0,0
2523,2021-04-07,Retail,28.0,1429.0,2 Year,3.0,28.0,No,,,,,0,0
2524,2020-12-13,Tech,35.0,1744.0,Month-to-Month,3.0,3.0,No,,,,,0,0
2525,2021-11-14,Manufacturing,27.0,1345.0,1 Year,0.0,29.0,Yes,,,,,1,0
2526,2020-11-05,Retail,37.0,1852.0,1 Year,3.0,16.0,No,recoded_from_1,,,,0,0
2527,2020-11-03,Healthcare,12.0,618.0,2 Year,0.0,26.0,No,,,,,0,0
2528,2022-10-19,Tech,15.0,777.0,1 Year,4.0,25.0,No,,,,,0,0
2529,2020-10-31,Retail,17.0,848.0,1 Year,2.0,4.0,No,,,,,0,0
2530,2020-05-17,Tech,14.0,694.0,2 Year,3.0,13.0,No,,,,,0,0
2531,2021-10-23,Retail,14.0,696.0,Month-to-Month,3.0,24.0,No,,,,,0,0
2532,2022-09-12,Education,1.0,82.0,2 Year,2.0,25.0,No,,,,,0,0
2533,2021-05-18,Manufacturing,13.0,679.0,1 Year,3.0,17.0,No,,,,,0,0
2534,2021-04-16,Education,2.0,129.0,Month-to-Month,1.0,18.0,No,,,,,0,0
2535,2021-03-25,Healthcare,37.0,1841.0,Month-to-Month,0.0,11.0,Yes,,,,,0,0
2536,2022-08-28,Finance,35.0,1747.0,Month-to-Month,1.0,1.0,No,,,,,0,0
2537,2021-08-26,Retail,39.0,1988.0,Month-to-Month,4.0,26.0,No,,,,,0,0
2538,2021-05-11,Education,13.0,656.0,Month-to-Month,3.0,1.0,Yes,,,,,0,0
2539,2020-10-20,Tech,4.0,228.0,2 Year,1.0,0.0,No,,,,,0,0
2540,2020-08-05,Finance,49.0,2439.0,1 Year,3.0,26.0,No,,,,,0,0
2541,2022-01-18,Retail,16.0,798.0,Month-to-Month,2.0,7.0,No,,,,,0,0
2542,2020-11-02,Healthcare,18.0,903.0,1 Year,1.0,23.0,No,,,,,0,0
2543,2022-08-20,Tech,4.0,232.0,2 Year,1.0,10.0,No,,,,,0,0
2544,2021-08-10,Manufacturing,12.0,594.0,Month-to-Month,4.0,1.0,Yes,,,,,0,0
2545,2020-11-24,Retail,24.0,1181.0,1 Year,3.0,26.0,No,,,,,0,0
2546,2021-06-12,Healthcare,32.0,1644.0,1 Year,1.0,22.0,No,,,,,0,0
2547,2020-07-07,Manufacturing,41.0,2096.0,1 Year,2.0,30.0,No,,,,,0,0
2548,2020-04-24,Manufacturing,39.0,1958.0,1 Year,3.0,5.0,No,,,,,0,0
2549,2020-06-07,Retail,18.0,939.0,1 Year,3.0,10.0,No,,,,,0,0
2550,2020-12-03,Tech,9.0,436.0,1 Year,1.0,20.0,No,,,,,0,0
2551,2020-06-08,Finance,4.0,226.0,2 Year,2.0,24.0,Yes,,,,,0,0
2552,2020-08-06,Finance,13.0,638.0,Month-to-Month,1.0,19.0,Yes,,,,,0,0
2553,2021-02-17,Tech,11.0,534.0,Month-to-Month,3.0,8.0,No,,,,,0,0
2554,2022-09-17,Healthcare,10.0,485.0,Month-to-Month,1.0,10.0,No,,,,,0,0
2555,2021-08-01,Healthcare,36.0,1830.0,2 Year,1.0,6.0,No,,,,,0,0
2556,2020-09-22,Manufacturing,5.0,242.0,1 Year,3.0,13.0,No,,,,,0,0
2557,2020-11-03,Tech,10.0,483.0,2 Year,1.0,25.0,No,,,,,0,0
2558,2021-08-17,Tech,12.0,600.0,Month-to-Month,1.0,21.0,No,,,,,0,0
2559,2021-04-19,Manufacturing,1.0,57.0,2 Year,2.0,20.0,No,,,,,0,0
2560,2022-11-23,Healthcare,33.0,1696.0,1 Year,2.0,14.0,No,,,,,0,0
2561,2022-06-01,Manufacturing,13.0,635.0,2 Year,1.0,24.0,No,,,,,0,0
2562,2020-06-02,Tech,28.0,1399.0,2 Year,1.0,20.0,No,,,,,0,0
2563,2020-10-19,Tech,42.0,2119.0,2 Year,0.0,27.0,No,,,,,0,0
2564,2022-10-18,Tech,13.0,642.0,1 Year,3.0,10.0,No,,,,,0,0
2565,2021-07-27,Retail,33.0,1676.0,1 Year,2.0,2.0,No,,,,,0,0
2566,2021-06-12,Finance,37.0,1890.0,Unknown,5.0,24.0,No,,,,,0,1
2567,2020-09-10,Manufacturing,5.0,292.0,Unknown,3.0,11.0,No,,,,,0,1
2568,2020-09-21,Healthcare,52.0,2636.0,1 Year,2.0,16.0,No,,,,,0,0
2569,2020-06-19,Education,5.0,282.0,2 Year,2.0,14.0,No,,,,,0,0
2570,2020-03-28,Tech,42.0,2087.0,2 Year,3.0,25.0,No,,,,,0,0
2571,2020-11-12,Tech,2.0,93.0,1 Year,3.0,12.0,No,,,,,0,0
2572,2021-04-01,Education,4.0,229.0,1 Year,2.0,21.0,No,recoded_from_1,,,,0,0
2573,2022-12-31,Retail,16.0,839.0,Month-to-Month,1.0,2.0,Yes,,,,,0,0
2574,2021-02-12,Retail,8.0,431.0,Unknown,4.0,2.0,No,,,,,0,1
2575,2021-03-11,Retail,23.0,1190.0,Month-to-Month,2.0,8.0,No,,,,,0,0
2576,2020-10-25,Retail,24.0,1207.0,1 Year,1.0,18.0,Yes,,,,,0,0
2577,2020-05-07,Tech,20.0,1026.0,1 Year,0.0,15.0,No,,,,,1,0
2578,2022-05-16,Healthcare,3.0,164.0,1 Year,3.0,20.0,No,,,,,0,0
2579,2022-04-09,Manufacturing,8.0,390.0,1 Year,1.0,27.0,No,,,,,0,0
2580,2021-03-14,Healthcare,15.0,763.0,Month-to-Month,4.0,26.0,Yes,,,,,0,0
2581,2021-08-31,Manufacturing,35.0,1751.0,Month-to-Month,4.0,11.0,No,,,,,0,0
2582,2020-11-25,Tech,15.0,785.0,1 Year,2.0,29.0,No,,,,,0,0
2583,2021-02-10,Education,4.0,189.0,2 Year,2.0,21.0,No,,,,,0,0
2584,2021-10-10,Tech,18.0,881.0,Month-to-Month,1.0,28.0,Yes,,,,,0,0
2585,2022-04-12,Finance,36.0,1813.0,2 Year,0.0,23.0,Yes,,,,,0,0
2586,2022-07-09,Manufacturing,21.0,1042.0,Month-to-Month,1.0,6.0,Yes,,,,,0,0
2587,2020-12-06,Manufacturing,11.0,578.0,Month-to-Month,4.0,11.0,Yes,,,,,0,0
2588,2020-01-30,Tech,14.0,727.0,1 Year,3.0,0.0,No,,,,,0,0
2589,2022-10-19,Retail,5.0,288.0,1 Year,2.0,13.0,No,,,,,0,0
2590,2022-12-07,Finance,23.0,1172.0,Month-to-Month,1.0,29.0,No,,,,,0,0
2591,2020-11-29,Education,6.0,349.0,1 Year,2.0,12.0,No,,,,,0,0
2592,2022-06-14,Tech,8.0,416.0,2 Year,4.0,19.0,No,,,,,0,0
2593,2020-06-28,Tech,19.0,943.0,Month-to-Month,5.0,20.0,Yes,,,,,0,0
2594,2022-10-13,Tech,17.0,899.0,Month-to-Month,3.0,20.0,No,,,,,0,0
2595,2021-08-16,Tech,3.0,183.0,Month-to-Month,0.0,7.0,No,,,,,0,0
2596,2021-02-04,Retail,21.0,1090.0,Month-to-Month,1.0,11.0,No,,,,,0,0
2597,2022-03-21,Education,43.0,2130.0,1 Year,1.0,25.0,No,,,,,0,0
2598,2021-06-25,Retail,12.0,619.0,1 Year,2.0,21.0,No,,,,,0,0
2599,2020-03-07,Manufacturing,8.0,381.0,Month-to-Month,1.0,4.0,No,,,,,0,0
2600,2021-10-12,Manufacturing,12.0,622.0,Month-to-Month,0.0,30.0,No,,,,,1,0
2601,2022-03-12,Manufacturing,3.0,154.0,2 Year,2.0,20.0,No,,,,,0,0
2602,2022-05-28,Healthcare,26.0,1296.0,2 Year,0.0,12.0,No,,,,,0,0
2603,2022-11-25,Manufacturing,52.0,2600.0,1 Year,1.0,7.0,No,,,,,0,0
2604,2020-08-30,Healthcare,10.0,530.0,2 Year,1.0,29.0,No,,,,,0,0
2605,2021-02-21,Manufacturing,52.0,2591.0,Month-to-Month,4.0,0.0,No,,,,,0,0
2606,2020-11-09,Manufacturing,11.0,533.0,2 Year,1.0,22.0,No,,,,,0,0
2607,2022-02-22,Education,3.0,133.0,2 Year,1.0,23.0,No,,,,,0,0
2608,2022-01-03,Manufacturing,18.0,903.0,Month-to-Month,0.0,20.0,No,,,,,0,0
2609,2021-05-17,Finance,15.0,778.0,1 Year,2.0,21.0,Yes,,,,,0,0
2610,2020-02-17,Healthcare,18.0,893.0,Month-to-Month,2.0,14.0,Yes,,,,,0,0
2611,2021-06-20,Finance,15.0,753.0,Month-to-Month,1.0,2.0,No,,,,,0,0
2612,2022-03-11,Education,12.0,592.0,1 Year,4.0,25.0,No,,,,,0,0
2613,2020-06-05,Retail,20.0,1006.0,2 Year,1.0,13.0,No,,,,,0,0
2614,2020-11-25,Education,6.0,303.0,1 Year,1.0,0.0,No,,,,,0,0
2615,2020-03-05,Manufacturing,7.0,345.0,1 Year,3.0,11.0,No,,,,,0,0
2616,2020-01-11,Tech,39.0,1950.0,2 Year,1.0,23.0,Yes,,,,,0,0
2617,2020-02-17,Tech,31.0,1596.0,2 Year,4.0,24.0,No,,,,,0,0
2618,2021-03-20,Finance,13.0,633.0,1 Year,0.0,4.0,No,,,,,0,0
2619,2021-07-02,Manufacturing,5.0,265.0,1 Year,4.0,6.0,No,,,,,0,0
2620,2021-08-25,Retail,42.0,2139.0,2 Year,1.0,25.0,No,,,,,0,0
2621,2021-01-30,Healthcare,20.0,1012.0,Month-to-Month,4.0,6.0,No,,,,,0,0
2622,2022-03-15,Finance,6.0,293.0,2 Year,2.0,25.0,No,,,,,0,0
2623,2022-09-26,Healthcare,48.0,2435.0,1 Year,1.0,13.0,No,,,,,0,0
2624,2020-08-08,Education,6.0,329.0,1 Year,1.0,6.0,No,,,,,0,0
2625,2020-05-11,Healthcare,51.0,2587.0,Month-to-Month,2.0,28.0,Yes,,,,,0,0
2626,2022-04-19,Manufacturing,20.0,1017.0,2 Year,4.0,26.0,No,,,,,0,0
2627,2021-12-22,Finance,28.0,1430.0,Month-to-Month,0.0,3.0,No,,,,,1,0
2628,2022-01-02,Healthcare,26.0,1311.0,Month-to-Month,1.0,6.0,No,,,,,0,0
2629,2020-09-07,Finance,11.0,531.0,1 Year,0.0,22.0,Yes,,,,,0,0
2630,2022-08-11,Manufacturing,31.0,1571.0,Month-to-Month,1.0,17.0,No,,,,,0,0
2631,2021-03-21,Education,8.0,393.0,2 Year,5.0,8.0,No,,,,,0,0
2632,2020-06-02,Finance,29.0,1483.0,2 Year,2.0,24.0,No,,,,,0,0
2633,2021-02-07,Retail,14.0,686.0,Unknown,4.0,15.0,Yes,,,,,0,1
2634,2020-09-01,Finance,1.0,45.0,1 Year,3.0,5.0,No,,,,,0,0
2635,2020-02-13,Tech,5.0,266.0,Month-to-Month,1.0,20.0,No,,,,,0,0
2636,2022-08-03,Manufacturing,37.0,1866.0,Month-to-Month,3.0,26.0,Yes,,,,,0,0
2637,2020-03-21,Retail,16.0,823.0,2 Year,2.0,0.0,Yes,,,,,0,0
2638,2021-09-08,Retail,3.0,165.0,1 Year,3.0,24.0,Yes,,,,,0,0
2639,2020-04-06,Education,9.0,480.0,1 Year,1.0,,No,,,,negative_set_to_missing,0,0
2640,2020-09-05,Tech,20.0,1027.0,2 Year,1.0,3.0,Yes,,,,,0,0
2641,2020-10-11,Finance,2.0,93.0,1 Year,1.0,27.0,No,,,,,0,0
2642,2020-06-29,Manufacturing,4.0,204.0,2 Year,2.0,28.0,No,,,,,0,0
2643,2020-01-11,Tech,11.0,536.0,1 Year,2.0,28.0,Yes,,,,,0,0
2644,2021-06-24,Education,11.0,572.0,2 Year,3.0,19.0,No,,,,,0,0
2645,2020-12-14,Finance,15.0,747.0,2 Year,2.0,14.0,No,,,,,0,0
2646,2022-04-26,Retail,3.0,187.0,2 Year,0.0,3.0,No,,,,,1,0
2647,2022-09-30,Healthcare,16.0,815.0,1 Year,1.0,24.0,No,,,,,0,0
2648,2021-08-29,Education,22.0,1090.0,1 Year,2.0,17.0,No,,,,,0,0
2649,2021-02-25,Education,5.0,239.0,Month-to-Month,1.0,15.0,Yes,,,,,0,0
2650,2021-03-18,Manufacturing,5.0,289.0,1 Year,4.0,6.0,No,recoded_from_1,,,,0,0
2651,2022-12-16,Education,29.0,1495.0,1 Year,3.0,,No,,,,negative_set_to_missing,0,0
2652,2020-11-11,Retail,17.0,894.0,Month-to-Month,0.0,29.0,No,,,,,1,0
2653,2022-07-15,Finance,2.0,145.0,Unknown,3.0,24.0,Yes,,,,,0,1
2654,2021-09-21,Finance,56.0,2793.0,Month-to-Month,0.0,14.0,No,,,,,1,0
2655,2020-02-03,Manufacturing,20.0,1038.0,Month-to-Month,3.0,8.0,Yes,,,,,0,0
2656,2022-07-16,Retail,10.0,525.0,1 Year,1.0,3.0,No,,,,,0,0
2657,2021-03-10,Retail,5.0,249.0,1 Year,3.0,16.0,No,,,,,0,0
2658,2021-07-12,Retail,49.0,2477.0,Month-to-Month,1.0,1.0,No,,,,,0,0
2659,2021-02-01,Manufacturing,45.0,2267.0,Month-to-Month,1.0,12.0,No,,,,,0,0
2660,2022-10-07,Tech,19.0,996.0,1 Year,1.0,3.0,No,,,,,0,0
2661,2021-03-25,Finance,8.0,394.0,Month-to-Month,2.0,28.0,Yes,,,,,0,0
2662,2020-05-14,Education,16.0,848.0,Month-to-Month,3.0,8.0,No,,,,,0,0
2663,2022-04-08,Education,3.0,180.0,1 Year,1.0,3.0,No,,,,,0,0
2664,2021-07-03,Healthcare,5.0,293.0,Month-to-Month,2.0,5.0,No,,,,,0,0
2665,2021-08-12,Retail,12.0,580.0,Month-to-Month,0.0,5.0,No,,,,,0,0
2666,2021-09-17,Retail,9.0,460.0,Month-to-Month,3.0,10.0,Yes,,,,,0,0
2667,2020-10-17,Tech,36.0,1781.0,2 Year,2.0,15.0,Yes,,,,,0,0
2668,2020-12-15,Retail,27.0,1331.0,2 Year,1.0,11.0,No,,,,,0,0
2669,2021-05-21,Healthcare,20.0,1040.0,Month-to-Month,1.0,1.0,No,,,,,0,0
2670,2021-04-12,Tech,6.0,347.0,2 Year,2.0,5.0,No,,,,,0,0
2671,2021-09-15,Healthcare,16.0,822.0,1 Year,4.0,15.0,No,,,,,0,0
2672,2022-09-23,Healthcare,13.0,662.0,1 Year,4.0,14.0,No,,,,,0,0
2673,2022-11-26,Tech,12.0,641.0,Month-to-Month,2.0,8.0,No,,,,,0,0
2674,2020-10-29,Tech,33.0,1682.0,Month-to-Month,1.0,21.0,No,,,,,0,0
2675,2021-05-15,Retail,4.0,235.0,1 Year,4.0,6.0,No,,,,,0,0
2676,2020-08-09,Manufacturing,17.0,865.0,2 Year,2.0,21.0,No,,,,,0,0
2677,2020-12-24,Retail,19.0,963.0,2 Year,1.0,11.0,No,,,,,0,0
2678,2021-07-19,Manufacturing,18.0,919.0,Month-to-Month,1.0,1.0,No,,,,,0,0
2679,2020-09-08,Healthcare,14.0,735.0,1 Year,1.0,18.0,No,,,,,0,0
2680,2020-08-13,Finance,56.0,2781.0,1 Year,5.0,29.0,No,,,,,0,0
2681,2022-12-07,Healthcare,9.0,467.0,2 Year,3.0,17.0,No,,,,,0,0
2682,2020-05-12,Manufacturing,49.0,2467.0,Month-to-Month,0.0,14.0,Yes,,,,,0,0
2683,2020-09-09,Education,13.0,636.0,1 Year,1.0,9.0,Yes,,,,,0,0
2684,2020-01-02,Manufacturing,9.0,436.0,1 Year,0.0,4.0,No,,,,,0,0
2685,2020-11-13,Retail,33.0,1641.0,2 Year,3.0,8.0,No,,,,,0,0
2686,2020-06-14,Education,10.0,517.0,Month-to-Month,3.0,1.0,No,,,,,0,0
2687,2022-03-02,Healthcare,11.0,584.0,1 Year,0.0,30.0,No,,,,,0,0
2688,2021-09-28,Manufacturing,8.0,402.0,2 Year,4.0,13.0,No,,,,,0,0
2689,2020-10-12,Healthcare,43.0,2155.0,1 Year,5.0,4.0,No,,,,,0,0
2690,2020-06-24,Retail,40.0,2018.0,2 Year,3.0,29.0,No,,,,,0,0
2691,2022-06-13,Education,32.0,1592.0,Month-to-Month,2.0,16.0,No,,,,,0,0
2692,2022-01-02,Retail,76.0,3839.0,1 Year,1.0,13.0,No,,,,,0,0
2693,2020-02-26,Healthcare,4.0,183.0,1 Year,3.0,2.0,No,,,,,0,0
2694,2021-05-11,Healthcare,10.0,545.0,1 Year,1.0,4.0,No,,,,,0,0
2695,2020-04-19,Manufacturing,8.0,430.0,Month-to-Month,4.0,12.0,No,,,,,0,0
2696,2022-07-31,Tech,3.0,136.0,Month-to-Month,0.0,1.0,No,,,,,0,0
2697,2021-11-13,Tech,24.0,1192.0,1 Year,1.0,18.0,No,,,,,0,0
2698,2020-09-05,Manufacturing,32.0,1645.0,2 Year,2.0,22.0,Yes,,,,,0,0
2699,2020-10-22,Finance,22.0,1143.0,Month-to-Month,0.0,7.0,No,,,,,0,0
2700,2021-09-08,Manufacturing,56.0,2819.0,2 Year,2.0,29.0,Yes,,,,,0,0
2701,2021-02-15,Manufacturing,27.0,1344.0,Month-to-Month,2.0,0.0,No,,,,,0,0
2702,2020-07-17,Retail,47.0,2361.0,Month-to-Month,3.0,3.0,No,,,,,0,0
2703,2022-03-11,Finance,1.0,37.0,Month-to-Month,2.0,9.0,No,,,,,0,0
2704,2021-06-17,Tech,7.0,386.0,2 Year,2.0,19.0,No,,,,,0,0
2705,2021-01-13,Education,44.0,2198.0,2 Year,2.0,21.0,No,,,,,0,0
2706,2021-02-14,Manufacturing,5.0,290.0,1 Year,0.0,9.0,No,,,,,0,0
2707,2022-10-06,Tech,17.0,877.0,2 Year,4.0,8.0,No,,,,,0,0
2708,2022-08-08,Tech,4.0,233.0,1 Year,2.0,4.0,Yes,,,,,0,0
2709,2022-03-08,Education,6.0,281.0,2 Year,0.0,9.0,Yes,,,,,0,0
2710,2022-06-29,Retail,5.0,235.0,1 Year,2.0,30.0,No,recoded_from_1,,,,0,0
2711,2021-07-21,Finance,30.0,1481.0,Month-to-Month,1.0,11.0,No,,,,,0,0
2712,2021-12-15,Finance,40.0,2047.0,1 Year,3.0,16.0,Yes,,,,,0,0
2713,2021-12-21,Education,7.0,373.0,1 Year,2.0,22.0,No,,,,,0,0
2714,2021-09-12,Retail,13.0,680.0,Month-to-Month,3.0,29.0,No,,,,,0,0
2715,2021-01-04,Manufacturing,3.0,194.0,2 Year,1.0,16.0,No,,,,,0,0
2716,2021-12-13,Finance,27.0,1381.0,Month-to-Month,2.0,1.0,Yes,,,,,0,0
2717,2020-07-16,Finance,2.0,93.0,1 Year,4.0,29.0,No,,,,,0,0
2718,2021-04-29,Retail,3.0,143.0,Month-to-Month,0.0,23.0,No,,,,,0,0
2719,2020-05-11,Tech,13.0,637.0,2 Year,4.0,8.0,No,,,,,0,0
2720,2022-06-23,Healthcare,29.0,1477.0,2 Year,2.0,20.0,No,,,,,0,0
2721,2020-08-08,Finance,27.0,1387.0,1 Year,2.0,4.0,No,,,,,0,0
2722,2021-02-04,Education,13.0,662.0,1 Year,2.0,14.0,No,,,,,0,0
2723,2020-11-27,Education,6.0,335.0,2 Year,4.0,25.0,Yes,,,,,0,0
2724,2020-07-16,Manufacturing,37.0,1856.0,Month-to-Month,2.0,25.0,Yes,,,,,0,0
2725,2020-05-27,Education,2.0,123.0,Month-to-Month,1.0,21.0,No,,,,,0,0
2726,2022-12-17,Manufacturing,27.0,1393.0,Month-to-Month,2.0,26.0,No,,,,,0,0
2727,2021-12-22,Retail,7.0,375.0,2 Year,6.0,28.0,Yes,,,,,0,0
2728,2022-05-25,Healthcare,28.0,1428.0,Month-to-Month,5.0,18.0,No,,,,,0,0
2729,2020-07-25,Healthcare,20.0,995.0,1 Year,2.0,7.0,Yes,,,,,0,0
2730,2020-02-16,Healthcare,57.0,2858.0,1 Year,2.0,29.0,No,,,,,0,0
2731,2020-05-19,Manufacturing,26.0,1300.0,1 Year,4.0,2.0,No,,,,,0,0
2732,2022-10-21,Tech,3.0,169.0,1 Year,2.0,19.0,Yes,,,,,0,0
2733,2022-08-22,Healthcare,3.0,163.0,2 Year,1.0,0.0,No,,,,,0,0
2734,2020-05-01,Education,18.0,897.0,Month-to-Month,4.0,17.0,No,,,,,0,0
2735,2020-05-07,Manufacturing,26.0,1310.0,1 Year,2.0,2.0,No,,,,,0,0
2736,2020-03-13,Tech,7.0,374.0,Month-to-Month,1.0,30.0,No,,,,,0,0
2737,2022-09-07,Finance,6.0,296.0,1 Year,1.0,23.0,No,,,,,0,0
2738,2021-12-18,Finance,27.0,1385.0,1 Year,0.0,9.0,No,,,,,0,0
2739,2020-02-13,Retail,9.0,437.0,Month-to-Month,1.0,24.0,Yes,,,,,0,0
2740,2020-02-07,Finance,37.0,1900.0,1 Year,1.0,1.0,No,,,,,0,0
2741,2022-05-30,Manufacturing,33.0,1684.0,2 Year,2.0,4.0,No,,,,,0,0
2742,2022-01-23,Tech,27.0,1375.0,Month-to-Month,2.0,10.0,Yes,,,,,0,0
2743,2020-01-21,Manufacturing,52.0,2609.0,1 Year,0.0,23.0,No,,,,,0,0
2744,2020-04-03,Finance,57.0,2831.0,2 Year,3.0,7.0,No,,,,,0,0
2745,2022-06-17,Finance,16.0,803.0,1 Year,0.0,1.0,No,,,,,0,0
2746,2021-08-21,Tech,22.0,1096.0,2 Year,1.0,12.0,No,,,,,0,0
2747,2020-06-05,Healthcare,1.0,62.0,2 Year,2.0,6.0,No,,,,,0,0
2748,2021-03-27,Healthcare,31.0,1586.0,2 Year,2.0,9.0,No,,,,,0,0
2749,2021-05-15,Tech,13.0,697.0,1 Year,2.0,10.0,No,recoded_from_1,,,,0,0
2750,2021-12-10,Finance,57.0,2882.0,2 Year,5.0,30.0,No,,,,,0,0
2751,2020-10-07,Education,16.0,846.0,Month-to-Month,1.0,9.0,Yes,,,,,0,0
2752,2020-10-17,Tech,18.0,884.0,Month-to-Month,0.0,22.0,No,,,,,1,0
2753,2020-02-13,Tech,11.0,593.0,Month-to-Month,1.0,8.0,No,,,,,0,0
2754,2020-05-02,Retail,14.0,715.0,2 Year,3.0,12.0,No,,,,,0,0
2755,2022-06-28,Manufacturing,6.0,285.0,Month-to-Month,1.0,6.0,No,,,,,0,0
2756,2020-04-17,Manufacturing,6.0,319.0,Month-to-Month,3.0,17.0,No,,,,,0,0
2757,2021-11-19,Manufacturing,6.0,313.0,2 Year,1.0,6.0,No,,,,,0,0
2758,2022-06-07,Manufacturing,14.0,734.0,2 Year,1.0,29.0,Yes,,,,,0,0
2759,2022-03-05,Manufacturing,8.0,416.0,2 Year,4.0,14.0,No,,,,,0,0
2760,2021-06-16,Finance,90.0,4500.0,1 Year,6.0,14.0,No,,,,,0,0
2761,2020-02-01,Manufacturing,27.0,1365.0,2 Year,4.0,30.0,No,,,,,0,0
2762,2021-08-28,Healthcare,30.0,1523.0,2 Year,1.0,12.0,Yes,,,,,0,0
2763,2021-07-04,Manufacturing,7.0,362.0,2 Year,3.0,25.0,Yes,,,,,0,0
2764,2021-10-19,Retail,10.0,513.0,Month-to-Month,2.0,14.0,No,recoded_from_1,,,,0,0
2765,2020-03-16,Tech,36.0,1825.0,1 Year,1.0,20.0,No,,,,,0,0
2766,2020-06-11,Finance,9.0,465.0,2 Year,4.0,17.0,No,,,,,0,0
2767,2021-06-12,Finance,6.0,315.0,1 Year,3.0,27.0,No,,,,,0,0
2768,2020-10-27,Retail,23.0,1136.0,Month-to-Month,1.0,3.0,Yes,,,,,0,0
2769,2021-10-11,Healthcare,25.0,1235.0,2 Year,1.0,22.0,No,,,,,0,0
2770,2021-06-11,Education,22.0,1082.0,2 Year,2.0,27.0,No,,,,,0,0
2771,2020-04-01,Manufacturing,24.0,1210.0,1 Year,4.0,3.0,No,,,,,0,0
2772,2020-06-07,Education,23.0,1160.0,Month-to-Month,2.0,10.0,No,,,,,0,0
2773,2022-05-01,Healthcare,25.0,1239.0,2 Year,2.0,13.0,No,,,,,0,0
2774,2022-01-07,Healthcare,25.0,1272.0,1 Year,0.0,28.0,No,,,,,0,0
2775,2020-03-04,Manufacturing,29.0,1450.0,1 Year,2.0,1.0,No,,,,,0,0
2776,2020-02-22,Education,6.0,293.0,2 Year,2.0,6.0,No,,,,,0,0
2777,2022-11-06,Retail,13.0,674.0,Month-to-Month,4.0,12.0,Yes,,,,,0,0
2778,2020-06-09,Manufacturing,2.0,89.0,Month-to-Month,0.0,18.0,No,,,,,0,0
2779,2022-05-06,Tech,7.0,398.0,2 Year,2.0,3.0,No,,,,,0,0
2780,2022-08-25,Manufacturing,12.0,647.0,2 Year,1.0,14.0,No,,,,,0,0
2781,2021-08-23,Finance,5.0,261.0,1 Year,0.0,7.0,No,,,,,1,0
2782,2022-07-22,Retail,11.0,570.0,2 Year,0.0,3.0,No,,,,,0,0
2783,2022-01-11,Education,20.0,990.0,1 Year,2.0,17.0,No,,,,,0,0
2784,2022-09-18,Finance,17.0,859.0,1 Year,3.0,25.0,No,,,,,0,0
2785,2021-05-16,Healthcare,29.0,1482.0,2 Year,3.0,18.0,No,,,,,0,0
2786,2021-11-30,Finance,6.0,320.0,Month-to-Month,2.0,2.0,No,,,,,0,0
2787,2022-10-09,Healthcare,33.0,1655.0,Month-to-Month,1.0,28.0,Yes,,,,,0,0
2788,2022-08-20,Tech,13.0,642.0,Month-to-Month,1.0,27.0,Yes,,,,,0,0
2789,2020-09-28,Finance,12.0,645.0,2 Year,2.0,29.0,No,,,,,0,0
2790,2022-04-03,Healthcare,61.0,3060.0,2 Year,2.0,9.0,No,,,,,0,0
2791,2020-08-08,Retail,7.0,335.0,Month-to-Month,3.0,23.0,No,,,,,0,0
2792,2022-07-10,Education,41.0,2085.0,1 Year,4.0,24.0,Yes,,,,,0,0
2793,2022-11-09,Education,15.0,740.0,Month-to-Month,4.0,28.0,No,,,,,0,0
2794,2022-07-17,Healthcare,12.0,628.0,1 Year,0.0,,No,,,,negative_set_to_missing,0,0
2795,2020-07-17,Manufacturing,26.0,1309.0,1 Year,4.0,15.0,No,,,,,0,0
2796,2022-11-06,Finance,16.0,834.0,1 Year,1.0,10.0,No,,,,,0,0
2797,2020-03-26,Healthcare,1.0,56.0,1 Year,2.0,16.0,No,,,,,0,0
2798,2020-07-22,Retail,50.0,2524.0,1 Year,3.0,5.0,No,,,,,0,0
2799,2021-04-03,Tech,18.0,901.0,1 Year,1.0,30.0,No,,,,,0,0
2800,2021-04-19,Finance,50.0,2515.0,Month-to-Month,2.0,3.0,No,,,,,0,0
2801,2020-02-26,Healthcare,70.0,3485.0,2 Year,3.0,17.0,Yes,,,,,0,0
2802,2021-02-20,Retail,25.0,1266.0,2 Year,0.0,13.0,No,,,,,1,0
2803,2021-08-27,Retail,18.0,894.0,2 Year,1.0,22.0,Yes,,,,,0,0
2804,2021-06-22,Tech,33.0,1641.0,Month-to-Month,3.0,8.0,Yes,,,,,0,0
2805,2021-03-31,Education,11.0,539.0,1 Year,1.0,5.0,No,,,,,0,0
2806,2022-11-16,Retail,11.0,539.0,2 Year,0.0,22.0,No,,,,,0,0
2807,2020-07-24,Education,1.0,96.0,1 Year,0.0,6.0,No,,,,,0,0
2808,2020-03-13,Finance,25.0,1231.0,Month-to-Month,5.0,4.0,No,,,,,0,0
2809,2021-02-04,Retail,16.0,813.0,1 Year,3.0,4.0,No,,,,,0,0
2810,2021-08-01,Education,21.0,1046.0,Month-to-Month,3.0,20.0,No,,,,,0,0
2811,2021-03-14,Education,55.0,2730.0,1 Year,1.0,2.0,No,,,,,0,0
2812,2020-12-30,Manufacturing,3.0,134.0,1 Year,1.0,22.0,No,,,,,0,0
2813,2021-04-25,Healthcare,5.0,274.0,1 Year,2.0,16.0,No,,,,,0,0
2814,2021-04-19,Manufacturing,10.0,517.0,2 Year,3.0,15.0,No,,,,,0,0
2815,2022-01-01,Healthcare,23.0,1199.0,1 Year,0.0,,No,,,,negative_set_to_missing,1,0
2816,2022-05-09,Retail,16.0,837.0,1 Year,1.0,7.0,No,,,,,0,0
2817,2021-10-15,Retail,1.0,44.0,1 Year,1.0,22.0,Yes,,,,,0,0
2818,2022-04-23,Tech,18.0,910.0,Month-to-Month,2.0,9.0,Yes,,,,,0,0
2819,2021-10-23,Retail,12.0,613.0,2 Year,3.0,10.0,No,,,,,0,0
2820,2022-03-27,Tech,22.0,1113.0,Month-to-Month,1.0,8.0,Yes,,,,,0,0
2821,2021-09-23,Finance,18.0,937.0,1 Year,2.0,7.0,No,,,,,0,0
2822,2020-08-13,Tech,32.0,1622.0,Month-to-Month,0.0,19.0,No,,,,,0,0
2823,2022-02-15,Manufacturing,2.0,91.0,2 Year,1.0,10.0,No,,,,,0,0
2824,2020-05-09,Finance,20.0,986.0,2 Year,2.0,6.0,No,,,,,0,0
2825,2022-03-21,Retail,8.0,409.0,1 Year,0.0,25.0,No,,,,,0,0
2826,2021-03-17,Manufacturing,19.0,1000.0,2 Year,0.0,7.0,Yes,,,,,0,0
2827,2020-07-28,Healthcare,35.0,1794.0,1 Year,1.0,25.0,No,,,,,0,0
2828,2020-02-19,Retail,26.0,1309.0,2 Year,1.0,24.0,Yes,,,,,0,0
2829,2022-03-31,Manufacturing,18.0,896.0,2 Year,2.0,28.0,Yes,,,,,0,0
2830,2022-04-30,Finance,3.0,132.0,Month-to-Month,2.0,23.0,No,,,,,0,0
2831,2020-07-14,Retail,27.0,1380.0,Month-to-Month,2.0,26.0,Yes,,,,,0,0
2832,2022-11-15,Education,7.0,332.0,1 Year,3.0,8.0,No,,,,,0,0
2833,2022-08-23,Manufacturing,1.0,78.0,1 Year,0.0,13.0,No,,,,,0,0
2834,2021-07-24,Retail,17.0,891.0,1 Year,3.0,29.0,No,,,,,0,0
2835,2020-02-05,Education,7.0,393.0,2 Year,4.0,12.0,No,,,,,0,0
2836,2020-08-09,Finance,3.0,187.0,Unknown,2.0,18.0,No,,,,,0,1
2837,2022-07-04,Finance,25.0,1277.0,1 Year,3.0,18.0,No,,,,,0,0
2838,2020-06-20,Manufacturing,26.0,1292.0,2 Year,2.0,5.0,No,,,,,0,0
2839,2021-05-26,Education,21.0,1040.0,Month-to-Month,1.0,12.0,No,,,,,0,0
2840,2021-04-21,Finance,13.0,637.0,1 Year,1.0,8.0,No,,,,,0,0
2841,2020-03-15,Healthcare,24.0,1221.0,2 Year,3.0,18.0,No,,,,,0,0
2842,2021-03-04,Healthcare,8.0,442.0,2 Year,0.0,15.0,No,,,,,1,0
2843,2022-08-02,Tech,14.0,741.0,2 Year,3.0,17.0,No,,,,,0,0
2844,2020-08-03,Finance,48.0,2434.0,2 Year,1.0,2.0,No,,,,,0,0
2845,2022-11-30,Tech,5.0,245.0,Month-to-Month,2.0,6.0,No,,,,,0,0
2846,2022-05-18,Education,30.0,1543.0,Month-to-Month,1.0,20.0,No,,,,,0,0
2847,2022-05-06,Education,46.0,2331.0,Month-to-Month,1.0,9.0,No,,,,,0,0
2848,2021-07-09,Finance,16.0,846.0,Unknown,1.0,19.0,No,,,,,0,1
2849,2020-10-16,Education,13.0,667.0,2 Year,3.0,21.0,No,,,,,0,0
2850,2022-01-30,Healthcare,21.0,1096.0,2 Year,1.0,8.0,No,,,,,0,0
2851,2020-10-04,Finance,14.0,701.0,2 Year,3.0,22.0,Yes,,,,,0,0
2852,2020-11-03,Tech,42.0,2140.0,Month-to-Month,4.0,0.0,Yes,,,,,0,0
2853,2022-07-28,Tech,16.0,822.0,Month-to-Month,1.0,1.0,No,,,,,0,0
2854,2021-12-18,Healthcare,3.0,158.0,1 Year,2.0,20.0,Yes,,,,,0,0
2855,2021-08-05,Retail,19.0,984.0,2 Year,0.0,23.0,No,,,,,1,0
2856,2021-06-05,Tech,25.0,1299.0,2 Year,5.0,21.0,No,,,,,0,0
2857,2021-03-19,Manufacturing,29.0,1465.0,Month-to-Month,3.0,8.0,Yes,,,,,0,0
2858,2022-02-23,Education,8.0,422.0,2 Year,0.0,24.0,No,,,,,1,0
2859,2022-08-27,Tech,43.0,2156.0,Unknown,3.0,0.0,No,,,,,0,1
2860,2020-10-27,Tech,16.0,798.0,Month-to-Month,2.0,15.0,No,,,,,0,0
2861,2020-10-07,Manufacturing,29.0,1495.0,1 Year,4.0,13.0,No,,,,,0,0
2862,2020-08-28,Retail,7.0,360.0,2 Year,3.0,12.0,No,,,,,0,0
2863,2021-12-28,Finance,19.0,969.0,2 Year,3.0,10.0,No,,,,,0,0
2864,2020-12-06,Retail,17.0,865.0,2 Year,1.0,4.0,No,,,,,0,0
2865,2021-05-28,Tech,17.0,845.0,2 Year,2.0,28.0,No,,,,,0,0
2866,2022-01-18,Manufacturing,37.0,1889.0,2 Year,2.0,11.0,No,,,,,0,0
2867,2021-01-26,Finance,18.0,928.0,1 Year,0.0,5.0,No,,,,,1,0
2868,2022-06-24,Healthcare,2.0,126.0,2 Year,0.0,6.0,No,recoded_from_1,,,,0,0
2869,2021-06-03,Education,42.0,2144.0,Month-to-Month,2.0,19.0,No,,,,,0,0
2870,2022-09-07,Manufacturing,8.0,430.0,Month-to-Month,0.0,22.0,Yes,,,,,0,0
2871,2020-03-03,Education,27.0,1390.0,2 Year,1.0,20.0,No,,,,,0,0
2872,2020-07-31,Education,21.0,1034.0,1 Year,0.0,0.0,No,,,,,0,0
2873,2020-12-28,Education,25.0,1246.0,Month-to-Month,0.0,13.0,Yes,,,,,1,0
2874,2020-05-07,Finance,30.0,1520.0,Month-to-Month,2.0,27.0,No,,,,,0,0
2875,2020-02-04,Finance,15.0,772.0,2 Year,4.0,,No,,,,negative_set_to_missing,0,0
2876,2022-01-20,Education,13.0,696.0,Month-to-Month,0.0,30.0,No,,,,,0,0
2877,2020-05-05,Tech,26.0,1288.0,Month-to-Month,0.0,26.0,Yes,,,,,1,0
2878,2020-12-19,Retail,13.0,686.0,Month-to-Month,0.0,8.0,No,,,,,0,0
2879,2020-12-20,Retail,3.0,130.0,1 Year,3.0,8.0,No,,,,,0,0
2880,2020-06-25,Finance,11.0,589.0,Month-to-Month,0.0,3.0,Yes,,,,,1,0
2881,2021-10-12,Healthcare,9.0,432.0,Month-to-Month,4.0,25.0,Yes,,,,,0,0
2882,2022-07-31,Education,12.0,590.0,2 Year,2.0,30.0,No,,,,,0,0
2883,2021-01-26,Healthcare,5.0,246.0,1 Year,3.0,1.0,No,,,,,0,0
2884,2020-10-14,Finance,7.0,370.0,1 Year,1.0,7.0,No,,,,,0,0
2885,2020-12-28,Manufacturing,30.0,1517.0,1 Year,2.0,22.0,Yes,,,,,0,0
2886,2022-01-14,Finance,29.0,1474.0,2 Year,3.0,16.0,No,,,,,0,0
2887,2020-03-16,Retail,20.0,1029.0,Month-to-Month,0.0,17.0,No,,,,,0,0
2888,2021-12-11,Education,11.0,566.0,Month-to-Month,1.0,10.0,No,,,,,0,0
2889,2021-07-04,Healthcare,4.0,191.0,2 Year,4.0,24.0,No,,,,,0,0
2890,2020-03-05,Retail,13.0,644.0,2 Year,4.0,21.0,No,,,,,0,0
2891,2021-10-23,Healthcare,2.0,127.0,2 Year,1.0,12.0,No,,,,,0,0
2892,2020-08-02,Education,10.0,525.0,Month-to-Month,3.0,5.0,No,,,,,0,0
2893,2020-07-24,Tech,3.0,153.0,1 Year,3.0,9.0,No,,,,,0,0
2894,2022-06-18,Retail,5.0,288.0,2 Year,5.0,18.0,No,,,,,0,0
2895,2021-05-13,Retail,12.0,612.0,Unknown,0.0,11.0,No,,,,,1,1
2896,2021-09-06,Tech,16.0,785.0,Month-to-Month,1.0,24.0,No,,,,,0,0
2897,2022-05-12,Finance,9.0,484.0,1 Year,3.0,30.0,No,,,,,0,0
2898,2022-11-14,Manufacturing,23.0,1151.0,1 Year,5.0,28.0,No,,,,,0,0
2899,2021-02-10,Tech,7.0,347.0,Month-to-Month,1.0,21.0,No,,,,,0,0
2900,2021-09-25,Education,18.0,898.0,1 Year,2.0,14.0,No,,,,,0,0
2901,2020-10-29,Retail,31.0,1555.0,Month-to-Month,2.0,9.0,Yes,,,,,0,0
2902,2020-07-03,Tech,15.0,761.0,Month-to-Month,2.0,21.0,No,,,,,0,0
2903,2022-09-04,Education,17.0,850.0,1 Year,1.0,3.0,No,,,,,0,0
2904,2021-03-11,Tech,11.0,590.0,2 Year,6.0,12.0,No,,,,,0,0
2905,2022-03-04,Healthcare,13.0,646.0,1 Year,0.0,24.0,No,,,,,1,0
2906,2021-08-02,Education,4.0,234.0,2 Year,4.0,12.0,No,,,,,0,0
2907,2020-02-25,Healthcare,10.0,508.0,2 Year,4.0,5.0,No,,,,,0,0
2908,2022-10-23,Education,11.0,530.0,2 Year,2.0,19.0,No,,,,,0,0
2909,2021-04-16,Retail,6.0,297.0,1 Year,2.0,6.0,Yes,,,,,0,0
2910,2020-07-09,Healthcare,27.0,1373.0,1 Year,0.0,20.0,No,,,,,0,0
2911,2022-03-03,Finance,15.0,791.0,Month-to-Month,1.0,8.0,No,,,,,0,0
2912,2022-03-26,Education,54.0,2746.0,Month-to-Month,0.0,14.0,No,,,,,0,0
2913,2020-07-26,Retail,23.0,1181.0,Month-to-Month,0.0,5.0,No,,,,,0,0
2914,2022-07-20,Tech,13.0,631.0,1 Year,5.0,20.0,No,,,,,0,0
2915,2021-09-12,Retail,9.0,484.0,1 Year,0.0,23.0,No,,,,,0,0
2916,2022-10-25,Healthcare,64.0,3227.0,Unknown,3.0,22.0,No,,,,,0,1
2917,2020-08-16,Tech,29.0,1452.0,1 Year,5.0,17.0,No,,,,,0,0
2918,2020-11-03,Finance,15.0,730.0,1 Year,1.0,30.0,No,,,,,0,0
2919,2022-11-20,Retail,4.0,238.0,1 Year,4.0,1.0,Yes,,,,,0,0
2920,2022-01-21,Education,11.0,536.0,2 Year,1.0,21.0,No,,,,,0,0
2921,2021-08-29,Tech,2.0,83.0,2 Year,2.0,8.0,No,,,,,0,0
2922,2022-07-03,Tech,7.0,371.0,1 Year,1.0,20.0,No,,,,,0,0
2923,2022-12-24,Education,55.0,2780.0,Month-to-Month,2.0,5.0,Yes,,,,,0,0
2924,2022-10-07,Finance,6.0,335.0,1 Year,4.0,11.0,No,,,,,0,0
2925,2022-12-08,Education,21.0,1088.0,Month-to-Month,0.0,2.0,Yes,,,,,0,0
2926,2020-07-26,Education,7.0,378.0,2 Year,0.0,23.0,No,,,,,1,0
2927,2021-09-10,Education,9.0,484.0,1 Year,1.0,0.0,No,,,,,0,0
2928,2020-06-11,Manufacturing,9.0,485.0,Month-to-Month,1.0,25.0,Yes,,,,,0,0
2929,2022-11-18,Retail,10.0,549.0,Month-to-Month,3.0,22.0,No,,,,,0,0
2930,2021-03-16,Manufacturing,23.0,1185.0,1 Year,4.0,23.0,No,,,,,0,0
2931,2020-04-03,Tech,20.0,1031.0,Month-to-Month,2.0,21.0,Yes,,,,,0,0
2932,2022-04-28,Education,9.0,446.0,1 Year,2.0,8.0,No,,,,,0,0
2933,2021-10-13,Finance,17.0,842.0,Month-to-Month,0.0,7.0,Yes,,,,,1,0
2934,2020-05-10,Retail,2.0,116.0,2 Year,2.0,22.0,No,,,,,0,0
2935,2021-11-04,Healthcare,1.0,99.0,1 Year,2.0,15.0,Yes,,,,,0,0
2936,2021-12-10,Manufacturing,13.0,686.0,Month-to-Month,0.0,14.0,No,,,,,0,0
2937,2020-12-14,Tech,6.0,329.0,1 Year,2.0,12.0,Yes,,,,,0,0
2938,2022-09-23,Healthcare,30.0,1524.0,Month-to-Month,2.0,6.0,No,,,,,0,0
2939,2021-08-20,Manufacturing,36.0,1820.0,1 Year,2.0,,No,,,,negative_set_to_missing,0,0
2940,2020-12-07,Healthcare,36.0,1825.0,2 Year,1.0,13.0,No,,,,,0,0
2941,2022-10-02,Tech,1.0,60.0,1 Year,1.0,29.0,No,,,,,0,0
2942,2020-07-17,Finance,7.0,380.0,Month-to-Month,3.0,6.0,No,,,,,0,0
2943,2020-11-21,Manufacturing,2.0,131.0,2 Year,2.0,13.0,No,recoded_from_1,,,,0,0
2944,2021-07-25,Education,3.0,170.0,1 Year,1.0,20.0,No,,,,,0,0
2945,2021-10-12,Retail,6.0,344.0,2 Year,0.0,17.0,No,,,,,0,0
2946,2022-08-08,Healthcare,21.0,1066.0,1 Year,4.0,5.0,No,,,,,0,0
2947,2020-01-07,Tech,30.0,1548.0,1 Year,2.0,24.0,No,,,,,0,0
2948,2022-02-24,Finance,7.0,383.0,1 Year,2.0,13.0,Yes,,,,,0,0
2949,2022-10-27,Healthcare,20.0,990.0,2 Year,2.0,18.0,No,,,,,0,0
2950,2021-05-26,Healthcare,53.0,2651.0,2 Year,2.0,20.0,No,,,,,0,0
2951,2020-02-16,Finance,9.0,479.0,2 Year,1.0,16.0,No,,,,,0,0
2952,2022-07-26,Education,8.0,427.0,2 Year,2.0,27.0,No,,,,,0,0
2953,2021-02-13,Finance,7.0,371.0,Month-to-Month,1.0,9.0,Yes,recoded_from_1,,,,0,0
2954,2022-08-02,Finance,24.0,1238.0,Month-to-Month,1.0,21.0,No,,,,,0,0
2955,2022-08-02,Finance,6.0,344.0,2 Year,4.0,3.0,No,,,,,0,0
2956,2021-05-16,Education,19.0,989.0,2 Year,2.0,30.0,Yes,,,,,0,0
2957,2022-04-12,Healthcare,13.0,696.0,Unknown,2.0,27.0,No,,,,,0,1
2958,2020-09-04,Tech,39.0,1998.0,2 Year,4.0,0.0,No,,,,,0,0
2959,2021-08-22,Education,36.0,1830.0,2 Year,2.0,24.0,Yes,,,,,0,0
2960,2022-11-13,Healthcare,11.0,586.0,1 Year,3.0,25.0,No,,,,,0,0
2961,2020-08-16,Finance,17.0,851.0,1 Year,3.0,13.0,No,,,,,0,0
2962,2022-09-15,Retail,4.0,206.0,1 Year,2.0,3.0,No,,,,,0,0
2963,2022-10-03,Retail,61.0,3061.0,1 Year,0.0,10.0,No,,,,,0,0
2964,2021-06-12,Healthcare,25.0,1265.0,2 Year,3.0,1.0,No,,,,,0,0
2965,2020-02-23,Education,10.0,508.0,1 Year,0.0,18.0,No,,,,,1,0
2966,2020-11-20,Education,8.0,419.0,1 Year,2.0,22.0,No,,,,,0,0
2967,2020-09-20,Finance,26.0,1298.0,2 Year,4.0,9.0,No,,,,,0,0
2968,2020-02-27,Education,26.0,1307.0,2 Year,1.0,9.0,Yes,,,,,0,0
2969,2022-11-07,Healthcare,63.0,3196.0,1 Year,4.0,15.0,No,,,,,0,0
2970,2020-11-15,Retail,6.0,344.0,1 Year,1.0,16.0,No,,,,,0,0
2971,2020-12-12,Education,11.0,597.0,1 Year,1.0,5.0,No,,,,,0,0
2972,2020-05-12,Education,63.0,3173.0,Month-to-Month,2.0,9.0,Yes,,,,,0,0
2973,2020-09-01,Tech,25.0,1255.0,1 Year,2.0,15.0,No,,,,,0,0
2974,2022-12-09,Tech,22.0,1109.0,2 Year,7.0,6.0,Yes,,,,,0,0
2975,2021-11-05,Education,9.0,494.0,Month-to-Month,4.0,8.0,No,,,,,0,0
2976,2020-06-11,Education,4.0,187.0,1 Year,2.0,18.0,No,,,,,0,0
2977,2021-01-09,Healthcare,18.0,911.0,Month-to-Month,2.0,22.0,Yes,,,,,0,0
2978,2021-07-22,Finance,42.0,2091.0,2 Year,1.0,6.0,No,,,,,0,0
2979,2022-12-06,Manufacturing,16.0,818.0,Month-to-Month,2.0,6.0,No,,,,,0,0
2980,2022-09-04,Tech,9.0,489.0,Month-to-Month,0.0,17.0,Yes,,,,,0,0
2981,2021-02-06,Manufacturing,18.0,941.0,Month-to-Month,1.0,14.0,Yes,,,,,0,0
2982,2021-03-16,Tech,25.0,1292.0,1 Year,1.0,18.0,Yes,,,,,0,0
2983,2022-06-25,Tech,18.0,904.0,2 Year,1.0,,No,,,,negative_set_to_missing,0,0
2984,2021-05-30,Manufacturing,5.0,282.0,Unknown,0.0,8.0,No,,,,,0,1
2985,2022-09-16,Manufacturing,7.0,395.0,1 Year,2.0,30.0,No,,,,,0,0
2986,2021-05-24,Retail,36.0,1823.0,1 Year,1.0,21.0,No,,,,,0,0
2987,2020-08-16,Retail,2.0,103.0,1 Year,3.0,0.0,No,,,,,0,0
2988,2022-10-12,Tech,26.0,1300.0,Month-to-Month,4.0,2.0,No,,,,,0,0
2989,2022-06-26,Tech,43.0,2173.0,2 Year,0.0,21.0,No,,,,,0,0
2990,2021-04-19,Retail,11.0,557.0,1 Year,0.0,16.0,No,,,,,0,0
2991,2020-07-29,Finance,29.0,1468.0,2 Year,0.0,6.0,No,,,,,0,0
2992,2021-01-28,Healthcare,29.0,1480.0,Month-to-Month,2.0,27.0,No,,,,,0,0
2993,2022-11-23,Healthcare,7.0,390.0,2 Year,4.0,19.0,No,,,,,0,0
2994,2021-04-13,Finance,11.0,563.0,1 Year,2.0,29.0,No,,,,,0,0
2995,2021-09-19,Healthcare,28.0,1422.0,2 Year,2.0,11.0,No,,,,,0,0
2996,2022-05-21,Retail,11.0,580.0,1 Year,0.0,0.0,No,,,,,0,0
2997,2021-12-25,Finance,29.0,1447.0,1 Year,0.0,24.0,No,,,,,0,0
2998,2021-03-03,Retail,29.0,1462.0,1 Year,4.0,26.0,No,,,,,0,0
2999,2021-10-29,Tech,23.0,1155.0,Month-to-Month,4.0,19.0,No,,,,,0,0
3000,2020-06-01,Manufacturing,12.0,611.0,Month-to-Month,3.0,10.0,No,,,,,0,0
3001,2022-08-20,Retail,37.0,1835.0,2 Year,2.0,12.0,No,,,,,0,0
3002,2021-05-26,Education,25.0,1265.0,2 Year,0.0,18.0,No,,,,,1,0
3003,2021-12-02,Retail,39.0,1965.0,2 Year,0.0,11.0,No,,,,,0,0
3004,2020-10-02,Finance,4.0,189.0,1 Year,3.0,24.0,No,,,,,0,0
3005,2021-09-04,Manufacturing,15.0,755.0,2 Year,5.0,2.0,No,,,,,0,0
3006,2021-06-17,Education,5.0,297.0,1 Year,2.0,22.0,Yes,,,,,0,0
3007,2021-10-04,Retail,3.0,176.0,1 Year,1.0,23.0,No,,,,,0,0
3008,2021-04-11,Healthcare,29.0,1488.0,1 Year,3.0,10.0,No,,,,,0,0
3009,2021-06-06,Retail,19.0,932.0,Month-to-Month,2.0,3.0,No,,,,,0,0
3010,2020-04-08,Manufacturing,4.0,247.0,Month-to-Month,3.0,29.0,No,,,,,0,0
3011,2022-06-14,Retail,4.0,184.0,2 Year,3.0,27.0,No,,,,,0,0
3012,2021-08-01,Manufacturing,23.0,1172.0,2 Year,4.0,2.0,No,,,,,0,0
3013,2020-08-18,Manufacturing,19.0,998.0,Month-to-Month,2.0,25.0,No,,,,,0,0
3014,2022-08-17,Retail,61.0,3054.0,Month-to-Month,0.0,24.0,No,,,,,0,0
3015,2022-07-13,Healthcare,4.0,199.0,2 Year,1.0,10.0,No,,,,,0,0
3016,2022-07-18,Tech,15.0,797.0,2 Year,1.0,23.0,No,,,,,0,0
3017,2022-04-02,Healthcare,17.0,867.0,Month-to-Month,2.0,,Yes,,,,negative_set_to_missing,0,0
3018,2022-05-24,Healthcare,14.0,699.0,1 Year,2.0,27.0,No,,,,,0,0
3019,2022-12-26,Healthcare,2.0,138.0,2 Year,1.0,21.0,No,,,,,0,0
3020,2020-11-08,Manufacturing,9.0,454.0,Month-to-Month,0.0,6.0,Yes,,,,,0,0
3021,2020-03-21,Healthcare,28.0,1396.0,2 Year,3.0,11.0,No,recoded_from_1,,,,0,0
3022,2021-04-16,Finance,51.0,2556.0,Month-to-Month,1.0,9.0,No,,,,,0,0
3023,2021-03-20,Tech,14.0,725.0,Month-to-Month,1.0,4.0,No,,,,,0,0
3024,2022-02-07,Retail,51.0,2533.0,Unknown,1.0,27.0,No,,,,,0,1
3025,2020-04-10,Manufacturing,38.0,1937.0,1 Year,0.0,12.0,No,,,,,1,0
3026,2020-09-12,Tech,7.0,341.0,Month-to-Month,2.0,16.0,No,,,,,0,0
3027,2020-11-29,Education,9.0,456.0,Month-to-Month,3.0,30.0,No,,,,,0,0
3028,2021-10-10,Healthcare,4.0,233.0,Unknown,4.0,6.0,No,,,,,0,1
3029,2022-09-05,Retail,14.0,712.0,2 Year,2.0,3.0,Yes,,,,,0,0
3030,2022-03-30,Retail,11.0,542.0,1 Year,0.0,11.0,No,,,,,1,0
3031,2021-09-07,Retail,11.0,559.0,2 Year,4.0,2.0,No,,,,,0,0
3032,2020-02-02,Finance,55.0,2765.0,2 Year,1.0,20.0,No,,,,,0,0
3033,2020-12-29,Tech,4.0,181.0,Month-to-Month,2.0,16.0,No,,,,,0,0
3034,2020-05-05,Finance,15.0,756.0,2 Year,2.0,21.0,No,,,,,0,0
3035,2022-05-08,Finance,17.0,852.0,Month-to-Month,2.0,29.0,Yes,,,,,0,0
3036,2022-01-17,Education,9.0,444.0,Month-to-Month,1.0,0.0,No,,,,,0,0
3037,2022-02-03,Retail,71.0,3563.0,2 Year,0.0,10.0,No,,,,,0,0
3038,2020-03-11,Education,34.0,1698.0,1 Year,2.0,1.0,No,,,,,0,0
3039,2022-12-11,Tech,8.0,401.0,Month-to-Month,2.0,3.0,Yes,,,,,0,0
3040,2022-09-01,Manufacturing,7.0,389.0,1 Year,2.0,27.0,No,,,,,0,0
3041,2020-01-02,Healthcare,39.0,1969.0,1 Year,2.0,15.0,No,,,,,0,0
3042,2022-01-18,Finance,12.0,592.0,1 Year,1.0,15.0,No,,,,,0,0
3043,2020-09-14,Education,19.0,958.0,2 Year,1.0,4.0,No,,,,,0,0
3044,2020-06-17,Finance,7.0,342.0,2 Year,3.0,12.0,No,,,,,0,0
3045,2021-04-08,Retail,4.0,212.0,Month-to-Month,4.0,23.0,No,,,,,0,0
3046,2022-11-30,Healthcare,13.0,696.0,2 Year,1.0,28.0,No,,,,,0,0
3047,2022-05-14,Tech,11.0,577.0,2 Year,2.0,4.0,No,,,,,0,0
3048,2022-02-27,Tech,16.0,786.0,Month-to-Month,1.0,5.0,Yes,,,,,0,0
3049,2021-05-02,Retail,24.0,1200.0,1 Year,4.0,10.0,Yes,,,,,0,0
3050,2021-12-05,Retail,16.0,804.0,2 Year,1.0,27.0,No,,,,,0,0
3051,2021-03-15,Healthcare,20.0,1038.0,2 Year,1.0,8.0,No,recoded_from_1,,,,0,0
3052,2022-11-19,Retail,34.0,1723.0,1 Year,3.0,28.0,No,,,,,0,0
3053,2022-07-23,Tech,51.0,2542.0,2 Year,4.0,27.0,No,,,,,0,0
3054,2022-01-18,Finance,23.0,1184.0,2 Year,0.0,0.0,No,recoded_from_1,,,,0,0
3055,2022-07-25,Healthcare,18.0,894.0,Unknown,0.0,17.0,Yes,,,,,0,1
3056,2022-07-15,Manufacturing,47.0,2385.0,2 Year,3.0,30.0,No,,,,,0,0
3057,2021-01-08,Tech,54.0,2730.0,2 Year,2.0,6.0,No,,,,,0,0
3058,2021-02-10,Manufacturing,1.0,75.0,2 Year,3.0,19.0,No,,,,,0,0
3059,2022-12-11,Manufacturing,30.0,1486.0,2 Year,1.0,11.0,No,,,,,0,0
3060,2020-12-07,Manufacturing,10.0,527.0,Month-to-Month,2.0,3.0,No,,,,,0,0
3061,2021-04-08,Finance,12.0,599.0,2 Year,4.0,30.0,No,,,,,0,0
3062,2021-07-24,Retail,8.0,386.0,1 Year,2.0,9.0,No,,,,,0,0
3063,2022-09-02,Tech,19.0,989.0,1 Year,0.0,4.0,No,,,,,0,0
3064,2021-05-29,Tech,14.0,719.0,Month-to-Month,2.0,29.0,No,,,,,0,0
3065,2020-05-01,Retail,27.0,1382.0,Month-to-Month,0.0,4.0,Yes,recoded_from_1,,,,0,0
3066,2020-11-22,Tech,46.0,2333.0,1 Year,2.0,,No,,,,negative_set_to_missing,0,0
3067,2021-04-08,Manufacturing,33.0,1665.0,Month-to-Month,1.0,28.0,No,,,,,0,0
3068,2020-11-06,Tech,19.0,956.0,1 Year,1.0,4.0,No,,,,,0,0
3069,2020-08-28,Retail,44.0,2246.0,1 Year,1.0,16.0,No,recoded_from_1,,,,0,0
3070,2021-04-20,Retail,36.0,1836.0,1 Year,0.0,26.0,No,,,,,0,0
3071,2020-11-10,Tech,8.0,389.0,2 Year,4.0,10.0,No,,,,,0,0
3072,2022-02-20,Education,27.0,1362.0,Month-to-Month,2.0,20.0,No,,,,,0,0
3073,2022-09-24,Manufacturing,29.0,1467.0,Month-to-Month,1.0,16.0,No,,,,,0,0
3074,2022-01-12,Retail,13.0,660.0,2 Year,1.0,15.0,No,,,,,0,0
3075,2020-04-26,Healthcare,37.0,1843.0,1 Year,4.0,26.0,No,,,,,0,0
3076,2022-11-06,Tech,30.0,1522.0,1 Year,2.0,21.0,No,,,,,0,0
3077,2020-01-27,Finance,36.0,1792.0,2 Year,0.0,25.0,No,,,,,1,0
3078,2022-06-07,Manufacturing,39.0,1964.0,Month-to-Month,2.0,24.0,No,,,,,0,0
3079,2022-02-08,Manufacturing,5.0,296.0,Unknown,1.0,12.0,Yes,,,,,0,1
3080,2020-07-20,Education,18.0,892.0,Month-to-Month,4.0,30.0,No,,,,,0,0
3081,2022-05-13,Retail,19.0,980.0,2 Year,6.0,23.0,Yes,,,,,0,0
3082,2022-08-01,Education,17.0,896.0,Month-to-Month,3.0,,No,,,,negative_set_to_missing,0,0
3083,2022-06-03,Healthcare,15.0,733.0,Month-to-Month,0.0,18.0,No,,,,,0,0
3084,2020-07-21,Healthcare,5.0,267.0,1 Year,0.0,25.0,Yes,,,,,0,0
3085,2022-01-04,Tech,46.0,2324.0,1 Year,4.0,30.0,No,,,,,0,0
3086,2021-10-26,Finance,10.0,538.0,2 Year,4.0,20.0,No,,,,,0,0
3087,2021-10-21,Tech,15.0,781.0,1 Year,1.0,24.0,No,,,,,0,0
3088,2021-11-14,Finance,11.0,575.0,2 Year,4.0,17.0,No,,,,,0,0
3089,2021-10-10,Healthcare,32.0,1619.0,Unknown,2.0,29.0,No,,,,,0,1
3090,2022-10-15,Healthcare,29.0,1453.0,1 Year,0.0,6.0,No,,,,,0,0
3091,2021-11-21,Tech,18.0,936.0,1 Year,2.0,24.0,No,,,,,0,0
3092,2020-08-16,Manufacturing,1.0,54.0,Unknown,2.0,9.0,No,,,,,0,1
3093,2021-08-29,Tech,9.0,498.0,Month-to-Month,2.0,12.0,Yes,,,,,0,0
3094,2022-04-08,Finance,12.0,613.0,Month-to-Month,4.0,22.0,No,,,,,0,0
3095,2022-02-27,Manufacturing,22.0,1093.0,2 Year,0.0,26.0,No,,,,,0,0
3096,2020-06-17,Finance,18.0,921.0,Month-to-Month,2.0,14.0,No,,,,,0,0
3097,2021-07-14,Finance,24.0,1183.0,1 Year,3.0,7.0,No,,,,,0,0
3098,2021-04-07,Tech,28.0,1436.0,2 Year,0.0,25.0,Yes,,,,,0,0
3099,2022-09-16,Retail,18.0,936.0,1 Year,2.0,17.0,No,,,,,0,0
3100,2021-01-16,Retail,43.0,2196.0,2 Year,4.0,12.0,No,,,,,0,0
3101,2021-06-19,Finance,12.0,626.0,1 Year,1.0,13.0,No,,,,,0,0
3102,2021-10-17,Education,46.0,2349.0,1 Year,0.0,2.0,No,,,,,0,0
3103,2021-05-20,Manufacturing,28.0,1448.0,2 Year,3.0,4.0,No,,,,,0,0
3104,2022-09-01,Education,24.0,1248.0,1 Year,2.0,3.0,No,,,,,0,0
3105,2021-12-14,Retail,26.0,1350.0,Month-to-Month,4.0,14.0,No,,,,,0,0
3106,2022-06-15,Manufacturing,13.0,693.0,2 Year,2.0,13.0,Yes,,,,,0,0
3107,2020-04-27,Tech,17.0,874.0,1 Year,2.0,27.0,Yes,,,,,0,0
3108,2021-07-19,Education,13.0,662.0,2 Year,1.0,0.0,No,,,,,0,0
3109,2020-09-30,Education,5.0,280.0,Month-to-Month,3.0,21.0,No,,,,,0,0
3110,2021-09-15,Retail,29.0,1472.0,Month-to-Month,1.0,,No,,,,negative_set_to_missing,0,0
3111,2020-10-22,Tech,19.0,999.0,2 Year,5.0,18.0,Yes,,,,,0,0
3112,2022-01-03,Education,17.0,845.0,Month-to-Month,5.0,19.0,Yes,,,,,0,0
3113,2020-11-26,Finance,5.0,254.0,Month-to-Month,1.0,19.0,No,,,,,0,0
3114,2020-03-01,Retail,32.0,1643.0,2 Year,1.0,3.0,No,,,,,0,0
3115,2022-03-04,Finance,28.0,1432.0,1 Year,2.0,22.0,No,,,,,0,0
3116,2020-07-15,Retail,10.0,519.0,1 Year,5.0,5.0,No,,,,,0,0
3117,2020-07-04,Education,15.0,753.0,1 Year,2.0,12.0,No,,,,,0,0
3118,2020-06-16,Manufacturing,13.0,673.0,1 Year,1.0,24.0,No,,,,,0,0
3119,2020-05-04,Tech,8.0,387.0,2 Year,0.0,11.0,Yes,,,,,1,0
3120,2020-01-10,Manufacturing,53.0,2671.0,1 Year,3.0,9.0,Yes,,,,,0,0
3121,2022-02-06,Manufacturing,20.0,988.0,Month-to-Month,3.0,6.0,No,,,,,0,0
3122,2021-03-23,Manufacturing,18.0,924.0,Month-to-Month,1.0,27.0,Yes,,,,,0,0
3123,2020-12-28,Finance,34.0,1736.0,2 Year,1.0,27.0,No,,,,,0,0
3124,2022-06-30,Tech,17.0,833.0,2 Year,1.0,1.0,No,,,,,0,0
3125,2021-09-30,Finance,25.0,1267.0,Month-to-Month,1.0,11.0,No,,,,,0,0
3126,2020-07-23,Healthcare,9.0,493.0,Month-to-Month,4.0,19.0,No,recoded_from_1,,,,0,0
3127,2022-07-20,Tech,29.0,1500.0,1 Year,1.0,,Yes,,,,negative_set_to_missing,0,0
3128,2021-11-23,Finance,13.0,661.0,1 Year,4.0,4.0,No,,,,,0,0
3129,2022-04-07,Education,15.0,735.0,1 Year,0.0,1.0,No,,,,,0,0
3130,2020-07-21,Manufacturing,19.0,996.0,Month-to-Month,0.0,21.0,No,,,,,0,0
3131,2022-12-25,Healthcare,11.0,596.0,1 Year,3.0,24.0,No,,,,,0,0
3132,2020-10-04,Retail,8.0,437.0,Month-to-Month,1.0,9.0,No,,,,,0,0
3133,2022-02-11,Retail,13.0,640.0,1 Year,2.0,0.0,No,,,,,0,0
3134,2022-03-07,Education,20.0,1019.0,1 Year,2.0,25.0,No,,,,,0,0
3135,2020-04-22,Manufacturing,6.0,347.0,Month-to-Month,1.0,6.0,No,,,,,0,0
3136,2020-12-21,Healthcare,15.0,770.0,2 Year,0.0,1.0,No,,,,,1,0
3137,2022-02-27,Education,12.0,604.0,Unknown,5.0,30.0,No,,,,,0,1
3138,2022-06-07,Education,19.0,995.0,2 Year,3.0,27.0,No,,,,,0,0
3139,2020-04-01,Education,14.0,707.0,Month-to-Month,0.0,14.0,No,,,,,1,0
3140,2021-10-17,Manufacturing,21.0,1039.0,2 Year,0.0,6.0,No,,,,,0,0
3141,2020-02-01,Healthcare,14.0,685.0,1 Year,1.0,6.0,No,,,,,0,0
3142,2020-01-10,Finance,19.0,960.0,2 Year,1.0,26.0,No,,,,,0,0
3143,2022-03-09,Manufacturing,13.0,659.0,1 Year,1.0,29.0,Yes,,,,,0,0
3144,2021-05-19,Education,34.0,1713.0,1 Year,3.0,21.0,No,,,,,0,0
3145,2021-09-26,Tech,20.0,1006.0,2 Year,0.0,23.0,No,,,,,0,0
3146,2022-05-01,Retail,13.0,682.0,1 Year,2.0,8.0,No,,,,,0,0
3147,2021-06-03,Retail,24.0,1181.0,2 Year,2.0,22.0,No,,,,,0,0
3148,2020-09-20,Tech,44.0,2208.0,Month-to-Month,3.0,20.0,Yes,,,,,0,0
3149,2021-01-10,Education,28.0,1448.0,1 Year,4.0,5.0,No,,,,,0,0
3150,2022-03-26,Tech,9.0,466.0,2 Year,3.0,9.0,No,,,,,0,0
3151,2020-09-01,Finance,14.0,730.0,Month-to-Month,3.0,30.0,No,,,,,0,0
3152,2020-09-17,Retail,2.0,146.0,Month-to-Month,3.0,15.0,Yes,recoded_from_1,,,,0,0
3153,2021-01-12,Manufacturing,28.0,1390.0,2 Year,0.0,25.0,Yes,,,,,1,0
3154,2022-01-29,Education,34.0,1736.0,2 Year,4.0,4.0,No,,,,,0,0
3155,2022-10-28,Finance,19.0,954.0,Month-to-Month,0.0,23.0,No,,,,,0,0
3156,2021-11-30,Tech,81.0,4062.0,Month-to-Month,0.0,11.0,No,,,,,0,0
3157,2022-03-12,Education,14.0,728.0,Month-to-Month,4.0,30.0,Yes,,,,,0,0
3158,2021-02-02,Tech,7.0,372.0,2 Year,4.0,23.0,No,,,,,0,0
3159,2021-05-18,Healthcare,4.0,247.0,1 Year,4.0,17.0,No,,,,,0,0
3160,2020-04-26,Manufacturing,15.0,744.0,2 Year,3.0,,No,,,,negative_set_to_missing,0,0
3161,2020-12-13,Finance,13.0,671.0,1 Year,3.0,1.0,No,,,,,0,0
3162,2020-01-13,Manufacturing,3.0,178.0,Month-to-Month,1.0,18.0,Yes,,,,,0,0
3163,2020-09-02,Education,15.0,758.0,2 Year,0.0,1.0,No,,,,,0,0
3164,2022-09-02,Education,12.0,629.0,1 Year,3.0,21.0,No,,,,,0,0
3165,2021-05-01,Retail,19.0,992.0,2 Year,1.0,8.0,No,,,,,0,0
3166,2022-09-08,Healthcare,9.0,449.0,1 Year,2.0,17.0,No,,,,,0,0
3167,2020-12-23,Retail,7.0,379.0,1 Year,3.0,28.0,No,,,,,0,0
3168,2021-09-06,Finance,25.0,1248.0,Month-to-Month,2.0,14.0,No,,,,,0,0
3169,2022-04-03,Retail,2.0,96.0,2 Year,3.0,11.0,No,,,,,0,0
3170,2022-08-01,Healthcare,6.0,337.0,1 Year,3.0,30.0,No,,,,,0,0
3171,2022-03-27,Finance,9.0,447.0,2 Year,3.0,16.0,No,,,,,0,0
3172,2021-02-02,Healthcare,11.0,576.0,1 Year,0.0,17.0,No,,,,,0,0
3173,2021-09-20,Retail,7.0,357.0,1 Year,4.0,4.0,No,,,,,0,0
3174,2021-09-07,Finance,22.0,1132.0,Month-to-Month,1.0,6.0,No,,,,,0,0
3175,2022-02-26,Retail,8.0,446.0,1 Year,0.0,5.0,Yes,,,,,0,0
3176,2020-12-18,Retail,45.0,2264.0,2 Year,4.0,21.0,No,,,,,0,0
3177,2021-02-09,Finance,22.0,1099.0,1 Year,0.0,10.0,No,,,,,0,0
3178,2022-09-23,Education,34.0,1720.0,2 Year,4.0,29.0,No,,,,,0,0
3179,2020-03-13,Healthcare,12.0,592.0,Month-to-Month,2.0,2.0,Yes,,,,,0,0
3180,2020-07-03,Healthcare,27.0,1370.0,1 Year,2.0,6.0,No,,,,,0,0
3181,2020-05-15,Retail,16.0,826.0,2 Year,5.0,29.0,No,,,,,0,0
3182,2022-08-30,Manufacturing,13.0,673.0,2 Year,3.0,5.0,No,,,,,0,0
3183,2020-11-23,Retail,35.0,1749.0,Month-to-Month,1.0,13.0,No,,,,,0,0
3184,2020-11-20,Finance,8.0,450.0,2 Year,0.0,15.0,No,,,,,0,0
3185,2020-08-20,Retail,31.0,1548.0,1 Year,1.0,3.0,No,,,,,0,0
3186,2022-08-26,Healthcare,26.0,1328.0,1 Year,1.0,5.0,No,,,,,0,0
3187,2022-06-22,Education,19.0,953.0,1 Year,4.0,28.0,Yes,,,,,0,0
3188,2021-12-05,Healthcare,13.0,673.0,Month-to-Month,1.0,28.0,Yes,,,,,0,0
3189,2022-03-17,Education,57.0,2849.0,Month-to-Month,2.0,29.0,No,,,,,0,0
3190,2021-10-18,Retail,26.0,1317.0,2 Year,5.0,25.0,Yes,recoded_from_1,,,,0,0
3191,2020-02-02,Manufacturing,5.0,283.0,Month-to-Month,0.0,11.0,Yes,,,,,0,0
3192,2020-02-18,Education,29.0,1492.0,1 Year,0.0,28.0,No,,,,,1,0
3193,2021-09-19,Education,13.0,663.0,1 Year,1.0,13.0,No,,,,,0,0
3194,2022-07-27,Tech,2.0,90.0,1 Year,0.0,17.0,Yes,,,,,0,0
3195,2020-02-09,Tech,22.0,1118.0,1 Year,0.0,6.0,No,,,,,0,0
3196,2021-07-07,Retail,15.0,778.0,1 Year,5.0,11.0,No,,,,,0,0
3197,2022-04-13,Retail,47.0,2373.0,Month-to-Month,3.0,30.0,Yes,,,,,0,0
3198,2021-07-30,Education,48.0,2414.0,Month-to-Month,0.0,29.0,No,,,,,0,0
3199,2021-10-14,Tech,11.0,595.0,Month-to-Month,1.0,0.0,No,,,,,0,0
3200,2021-05-12,Finance,11.0,539.0,Month-to-Month,0.0,11.0,Yes,,,,,0,0
3201,2020-06-27,Manufacturing,35.0,1739.0,Month-to-Month,5.0,23.0,Yes,,,,,0,0
3202,2020-05-24,Education,37.0,1849.0,2 Year,3.0,20.0,No,,,,,0,0
3203,2021-11-08,Finance,24.0,1193.0,2 Year,1.0,3.0,Yes,,,,,0,0
3204,2020-06-15,Finance,20.0,1003.0,Month-to-Month,1.0,22.0,Yes,,,,,0,0
3205,2021-03-06,Finance,14.0,686.0,2 Year,1.0,2.0,No,,,,,0,0
3206,2022-09-01,Healthcare,11.0,555.0,2 Year,2.0,15.0,No,,,,,0,0
3207,2020-05-05,Finance,9.0,486.0,Month-to-Month,3.0,16.0,Yes,,,,,0,0
3208,2021-06-23,Education,43.0,2148.0,2 Year,1.0,18.0,No,,,,,0,0
3209,2020-06-04,Finance,22.0,1104.0,Month-to-Month,2.0,27.0,No,,,,,0,0
3210,2022-03-19,Retail,16.0,817.0,2 Year,1.0,13.0,No,,,,,0,0
3211,2021-05-28,Education,6.0,324.0,2 Year,5.0,7.0,No,,,,,0,0
3212,2021-05-30,Healthcare,8.0,416.0,Month-to-Month,1.0,2.0,Yes,,,,,0,0
3213,2020-05-03,Tech,49.0,2485.0,Month-to-Month,1.0,21.0,No,,,,,0,0
3214,2020-06-29,Education,84.0,4220.0,2 Year,1.0,24.0,No,,,,,0,0
3215,2020-05-14,Retail,13.0,663.0,2 Year,0.0,26.0,No,,,,,0,0
3216,2022-01-28,Education,20.0,1043.0,1 Year,2.0,24.0,No,,,,,0,0
3217,2021-01-24,Retail,10.0,509.0,2 Year,3.0,5.0,Yes,,,,,0,0
3218,2022-08-10,Retail,9.0,489.0,1 Year,2.0,29.0,No,,,,,0,0
3219,2022-08-07,Retail,2.0,139.0,1 Year,0.0,4.0,No,,,,,0,0
3220,2020-02-20,Retail,11.0,547.0,1 Year,3.0,12.0,No,,,,,0,0
3221,2022-01-18,Finance,13.0,631.0,1 Year,5.0,25.0,No,,,,,0,0
3222,2021-01-11,Finance,3.0,157.0,Month-to-Month,2.0,0.0,Yes,,,,,0,0
3223,2020-02-14,Manufacturing,22.0,1143.0,1 Year,0.0,5.0,No,,,,,0,0
3224,2021-07-22,Retail,8.0,409.0,Month-to-Month,1.0,15.0,No,,,,,0,0
3225,2020-11-23,Healthcare,9.0,492.0,2 Year,0.0,1.0,No,,,,,1,0
3226,2022-09-03,Finance,33.0,1667.0,Month-to-Month,4.0,7.0,No,,,,,0,0
3227,2022-05-02,Healthcare,31.0,1592.0,Month-to-Month,0.0,30.0,Yes,,,,,0,0
3228,2022-05-28,Healthcare,34.0,1695.0,2 Year,1.0,4.0,No,,,,,0,0
3229,2020-09-19,Healthcare,15.0,777.0,2 Year,1.0,15.0,Yes,,,,,0,0
3230,2022-05-04,Education,11.0,561.0,Month-to-Month,2.0,30.0,Yes,,,,,0,0
3231,2022-09-02,Finance,11.0,565.0,2 Year,3.0,10.0,No,,,,,0,0
3232,2020-09-17,Manufacturing,25.0,1271.0,2 Year,2.0,18.0,No,,,,,0,0
3233,2021-04-30,Tech,24.0,1211.0,1 Year,5.0,18.0,Yes,,,,,0,0
3234,2022-02-25,Manufacturing,41.0,2048.0,2 Year,1.0,10.0,No,,,,,0,0
3235,2021-06-28,Healthcare,23.0,1138.0,1 Year,3.0,12.0,No,,,,,0,0
3236,2020-10-20,Healthcare,25.0,1276.0,Month-to-Month,2.0,15.0,No,,,,,0,0
3237,2021-12-30,Retail,12.0,641.0,2 Year,4.0,4.0,No,,,,,0,0
3238,2021-10-05,Manufacturing,12.0,648.0,Month-to-Month,0.0,26.0,Yes,,,,,0,0
3239,2020-09-03,Manufacturing,20.0,1017.0,2 Year,3.0,1.0,No,,,,,0,0
3240,2021-08-01,Healthcare,35.0,1761.0,1 Year,4.0,13.0,No,,,,,0,0
3241,2021-06-18,Education,22.0,1106.0,Month-to-Month,1.0,9.0,Yes,,,,,0,0
3242,2022-05-13,Retail,10.0,490.0,1 Year,2.0,14.0,No,,,,,0,0
3243,2022-02-21,Healthcare,21.0,1050.0,2 Year,0.0,14.0,No,,,,,0,0
3244,2022-07-22,Finance,16.0,815.0,Month-to-Month,1.0,22.0,Yes,,,,,0,0
3245,2021-10-23,Healthcare,6.0,282.0,Month-to-Month,1.0,1.0,No,,,,,0,0
3246,2020-10-17,Education,8.0,420.0,2 Year,3.0,12.0,No,,,,,0,0
3247,2021-10-25,Education,50.0,2530.0,Month-to-Month,2.0,10.0,No,,,,,0,0
3248,2021-08-02,Tech,21.0,1071.0,2 Year,0.0,24.0,No,,,,,0,0
3249,2020-09-27,Tech,21.0,1093.0,Month-to-Month,2.0,29.0,Yes,,,,,0,0
3250,2022-12-06,Healthcare,16.0,800.0,2 Year,2.0,7.0,No,,,,,0,0
3251,2021-11-23,Manufacturing,12.0,590.0,1 Year,1.0,10.0,No,,,,,0,0
3252,2020-05-07,Manufacturing,12.0,647.0,1 Year,1.0,20.0,No,,,,,0,0
3253,2020-07-02,Healthcare,41.0,2056.0,1 Year,4.0,5.0,No,recoded_from_1,,,,0,0
3254,2021-04-10,Education,21.0,1060.0,Month-to-Month,1.0,20.0,Yes,,,,,0,0
3255,2021-04-06,Finance,2.0,141.0,Month-to-Month,8.0,1.0,Yes,,,,,0,0
3256,2022-10-22,Tech,6.0,320.0,1 Year,2.0,12.0,No,,,,,0,0
3257,2022-11-10,Manufacturing,9.0,467.0,1 Year,1.0,0.0,No,,,,,0,0
3258,2020-05-19,Manufacturing,6.0,285.0,Month-to-Month,2.0,18.0,Yes,,,,,0,0
3259,2022-10-03,Manufacturing,3.0,130.0,1 Year,1.0,22.0,No,,,,,0,0
3260,2020-12-02,Education,7.0,380.0,Month-to-Month,2.0,4.0,No,,,,,0,0
3261,2021-07-30,Finance,17.0,864.0,2 Year,1.0,11.0,No,,,,,0,0
3262,2021-06-08,Education,22.0,1122.0,Month-to-Month,1.0,10.0,No,,,,,0,0
3263,2021-08-07,Manufacturing,14.0,737.0,Month-to-Month,5.0,14.0,No,,,,,0,0
3264,2022-04-10,Finance,28.0,1406.0,Month-to-Month,1.0,3.0,No,,,,,0,0
3265,2021-02-13,Healthcare,12.0,618.0,2 Year,2.0,21.0,No,,,,,0,0
3266,2022-01-09,Healthcare,42.0,2139.0,Month-to-Month,2.0,20.0,No,,,,,0,0
3267,2021-03-20,Healthcare,2.0,145.0,Month-to-Month,2.0,9.0,Yes,,,,,0,0
3268,2021-02-26,Retail,1.0,93.0,2 Year,3.0,12.0,No,,,,,0,0
3269,2020-12-04,Education,17.0,892.0,1 Year,1.0,17.0,No,,,,,0,0
3270,2021-05-23,Manufacturing,3.0,139.0,2 Year,2.0,3.0,No,,,,,0,0
3271,2020-04-12,Retail,39.0,1931.0,1 Year,2.0,29.0,Yes,,,,,0,0
3272,2020-11-22,Education,7.0,342.0,Month-to-Month,0.0,11.0,Yes,,,,,1,0
3273,2022-02-02,Tech,5.0,239.0,1 Year,6.0,13.0,No,,,,,0,0
3274,2020-09-02,Finance,11.0,568.0,Month-to-Month,1.0,8.0,No,,,,,0,0
3275,2020-09-03,Education,29.0,1433.0,1 Year,2.0,,Yes,,,,negative_set_to_missing,0,0
3276,2021-04-25,Education,11.0,588.0,2 Year,2.0,22.0,No,,,,,0,0
3277,2022-09-09,Retail,17.0,838.0,2 Year,0.0,22.0,Yes,,,,,0,0
3278,2020-03-02,Tech,30.0,1484.0,1 Year,2.0,13.0,No,,,,,0,0
3279,2020-03-31,Healthcare,4.0,188.0,1 Year,1.0,22.0,No,,,,,0,0
3280,2020-02-19,Education,5.0,264.0,Month-to-Month,4.0,7.0,No,,,,,0,0
3281,2020-03-31,Education,23.0,1185.0,2 Year,4.0,30.0,No,,,,,0,0
3282,2020-04-06,Retail,4.0,216.0,1 Year,4.0,2.0,No,,,,,0,0
3283,2020-12-01,Finance,13.0,677.0,2 Year,0.0,28.0,No,,,,,1,0
3284,2021-10-18,Healthcare,21.0,1074.0,1 Year,4.0,5.0,No,,,,,0,0
3285,2021-08-21,Retail,17.0,848.0,2 Year,1.0,24.0,No,,,,,0,0
3286,2022-01-07,Education,37.0,1885.0,Month-to-Month,0.0,19.0,Yes,,,,,0,0
3287,2022-08-13,Healthcare,9.0,487.0,2 Year,3.0,27.0,No,,,,,0,0
3288,2022-11-03,Finance,62.0,3098.0,2 Year,0.0,10.0,No,,,,,1,0
3289,2020-10-12,Tech,12.0,606.0,Unknown,1.0,12.0,No,,,,,0,1
3290,2022-10-23,Education,5.0,299.0,Month-to-Month,0.0,16.0,Yes,,,,,1,0
3291,2020-12-03,Healthcare,16.0,809.0,2 Year,1.0,22.0,No,,,,,0,0
3292,2022-02-03,Manufacturing,43.0,2200.0,1 Year,1.0,16.0,No,,,,,0,0
3293,2021-12-20,Education,4.0,232.0,2 Year,3.0,24.0,No,,,,,0,0
3294,2022-07-18,Manufacturing,30.0,1499.0,2 Year,3.0,28.0,No,,,,,0,0
3295,2020-08-08,Finance,12.0,643.0,Month-to-Month,1.0,29.0,No,,,,,0,0
3296,2022-04-11,Finance,25.0,1268.0,Month-to-Month,1.0,17.0,No,,,,,0,0
3297,2020-02-18,Tech,12.0,582.0,Month-to-Month,3.0,9.0,Yes,,,,,0,0
3298,2020-05-17,Education,4.0,212.0,1 Year,2.0,30.0,No,,,,,0,0
3299,2022-04-05,Finance,23.0,1131.0,2 Year,1.0,19.0,No,,,,,0,0
3300,2021-09-14,Manufacturing,5.0,284.0,2 Year,0.0,18.0,No,,,,,0,0
3301,2020-03-26,Retail,36.0,1842.0,Month-to-Month,0.0,15.0,Yes,,,,,0,0
3302,2022-02-24,Healthcare,2.0,148.0,Month-to-Month,5.0,13.0,No,,,,,0,0
3303,2022-10-01,Tech,33.0,1633.0,1 Year,1.0,1.0,No,,,,,0,0
3304,2022-08-30,Education,10.0,512.0,2 Year,1.0,2.0,No,,,,,0,0
3305,2020-07-11,Retail,13.0,688.0,1 Year,2.0,23.0,No,,,,,0,0
3306,2020-03-11,Finance,2.0,121.0,1 Year,1.0,17.0,No,,,,,0,0
3307,2022-04-20,Tech,21.0,1042.0,Month-to-Month,4.0,21.0,No,,,,,0,0
3308,2022-11-02,Retail,14.0,736.0,Month-to-Month,5.0,16.0,Yes,,,,,0,0
3309,2020-04-09,Retail,13.0,662.0,2 Year,4.0,3.0,No,,,,,0,0
3310,2021-08-23,Education,12.0,600.0,Month-to-Month,1.0,9.0,No,,,,,0,0
3311,2020-11-13,Finance,19.0,939.0,Month-to-Month,1.0,15.0,Yes,,,,,0,0
3312,2022-02-10,Manufacturing,19.0,935.0,1 Year,0.0,5.0,No,,,,,1,0
3313,2022-10-07,Tech,22.0,1109.0,2 Year,2.0,14.0,No,,,,,0,0
3314,2020-07-26,Manufacturing,3.0,151.0,Month-to-Month,2.0,4.0,No,,,,,0,0
3315,2020-02-18,Education,9.0,486.0,1 Year,3.0,11.0,No,,,,,0,0
3316,2022-12-11,Healthcare,23.0,1177.0,2 Year,1.0,17.0,No,,,,,0,0
3317,2022-06-12,Education,13.0,684.0,Month-to-Month,3.0,2.0,No,,,,,0,0
3318,2022-01-02,Finance,13.0,690.0,1 Year,2.0,16.0,No,,,,,0,0
3319,2020-09-04,Retail,23.0,1133.0,Month-to-Month,2.0,2.0,No,,,,,0,0
3320,2022-02-03,Manufacturing,6.0,313.0,1 Year,1.0,2.0,No,,,,,0,0
3321,2022-04-26,Finance,27.0,1344.0,2 Year,2.0,1.0,No,,,,,0,0
3322,2022-03-11,Education,4.0,181.0,1 Year,1.0,1.0,Yes,,,,,0,0
3323,2021-06-28,Retail,22.0,1147.0,Month-to-Month,1.0,9.0,Yes,,,,,0,0
3324,2021-03-13,Finance,15.0,754.0,2 Year,1.0,15.0,No,,,,,0,0
3325,2022-03-05,Finance,21.0,1100.0,2 Year,1.0,20.0,No,,,,,0,0
3326,2020-09-17,Tech,5.0,295.0,Month-to-Month,2.0,27.0,No,,,,,0,0
3327,2020-12-03,Finance,4.0,211.0,2 Year,0.0,24.0,No,,,,,0,0
3328,2021-06-21,Retail,24.0,1232.0,Month-to-Month,1.0,24.0,No,,,,,0,0
3329,2020-02-26,Manufacturing,6.0,304.0,2 Year,2.0,23.0,No,,,,,0,0
3330,2021-04-05,Retail,15.0,746.0,1 Year,2.0,19.0,No,,,,,0,0
3331,2020-11-18,Retail,5.0,260.0,2 Year,1.0,16.0,No,,,,,0,0
3332,2020-03-04,Finance,4.0,233.0,Month-to-Month,0.0,17.0,No,,,,,0,0
3333,2020-03-22,Healthcare,7.0,377.0,1 Year,1.0,12.0,No,,,,,0,0
3334,2021-09-13,Retail,19.0,998.0,Unknown,3.0,10.0,No,,,,,0,1
3335,2022-11-13,Education,21.0,1092.0,1 Year,2.0,24.0,No,,,,,0,0
3336,2020-10-08,Manufacturing,26.0,1340.0,Unknown,4.0,2.0,No,,,,,0,1
3337,2022-11-24,Healthcare,8.0,388.0,1 Year,3.0,20.0,No,,,,,0,0
3338,2022-11-17,Manufacturing,3.0,159.0,1 Year,2.0,29.0,No,,,,,0,0
3339,2021-01-26,Retail,19.0,974.0,1 Year,0.0,6.0,No,,,,,1,0
3340,2021-07-24,Manufacturing,29.0,1463.0,2 Year,2.0,13.0,No,,,,,0,0
3341,2020-10-12,Manufacturing,21.0,1067.0,Month-to-Month,4.0,21.0,No,,,,,0,0
3342,2021-10-19,Education,15.0,756.0,1 Year,3.0,18.0,No,,,,,0,0
3343,2021-08-19,Finance,5.0,261.0,Month-to-Month,1.0,19.0,No,,,,,0,0
3344,2022-10-14,Manufacturing,18.0,927.0,Month-to-Month,0.0,12.0,No,,,,,1,0
3345,2022-07-29,Tech,32.0,1648.0,1 Year,3.0,4.0,No,,,,,0,0
3346,2022-02-10,Retail,18.0,950.0,1 Year,3.0,0.0,Yes,,,,,0,0
3347,2022-07-20,Finance,16.0,850.0,2 Year,0.0,26.0,No,,,,,1,0
3348,2021-06-28,Retail,14.0,686.0,1 Year,1.0,20.0,No,,,,,0,0
3349,2022-06-14,Tech,3.0,179.0,1 Year,3.0,3.0,No,,,,,0,0
3350,2020-03-25,Tech,11.0,538.0,1 Year,3.0,3.0,No,,,,,0,0
3351,2022-05-16,Healthcare,12.0,606.0,Month-to-Month,2.0,28.0,Yes,,,,,0,0
3352,2021-07-21,Manufacturing,4.0,216.0,1 Year,3.0,7.0,No,,,,,0,0
3353,2021-06-30,Healthcare,8.0,450.0,1 Year,1.0,26.0,Yes,,,,,0,0
3354,2021-03-26,Tech,25.0,1251.0,1 Year,1.0,6.0,Yes,,,,,0,0
3355,2021-07-06,Finance,25.0,1292.0,Month-to-Month,6.0,3.0,No,,,,,0,0
3356,2022-07-30,Education,24.0,1201.0,Month-to-Month,3.0,29.0,Yes,,,,,0,0
3357,2021-09-23,Finance,6.0,335.0,2 Year,2.0,27.0,No,,,,,0,0
3358,2021-04-20,Education,43.0,2142.0,Month-to-Month,3.0,13.0,No,,,,,0,0
3359,2022-02-26,Retail,17.0,878.0,Month-to-Month,3.0,17.0,Yes,,,,,0,0
3360,2022-06-13,Manufacturing,14.0,747.0,1 Year,1.0,10.0,Yes,,,,,0,0
3361,2022-03-05,Manufacturing,17.0,886.0,Unknown,1.0,6.0,No,,,,,0,1
3362,2022-02-12,Healthcare,7.0,351.0,1 Year,2.0,6.0,No,,,,,0,0
3363,2021-05-24,Tech,11.0,567.0,Month-to-Month,0.0,12.0,No,,,,,0,0
3364,2021-05-14,Healthcare,26.0,1288.0,1 Year,1.0,22.0,No,,,,,0,0
3365,2022-01-06,Retail,15.0,778.0,Month-to-Month,4.0,15.0,No,,,,,0,0
3366,2020-07-02,Healthcare,32.0,1635.0,1 Year,4.0,11.0,No,,,,,0,0
3367,2022-09-07,Manufacturing,5.0,250.0,Month-to-Month,3.0,7.0,No,,,,,0,0
3368,2022-12-23,Tech,27.0,1355.0,Month-to-Month,1.0,12.0,No,,,,,0,0
3369,2020-11-21,Manufacturing,31.0,1541.0,2 Year,1.0,22.0,No,,,,,0,0
3370,2021-06-06,Finance,19.0,987.0,Month-to-Month,0.0,9.0,No,,,,,0,0
3371,2021-04-14,Tech,7.0,382.0,1 Year,0.0,5.0,No,,,,,1,0
3372,2020-04-16,Finance,27.0,1352.0,1 Year,0.0,17.0,No,,,,,1,0
3373,2021-04-28,Healthcare,24.0,1182.0,Month-to-Month,5.0,19.0,Yes,,,,,0,0
3374,2021-01-01,Education,10.0,548.0,Month-to-Month,2.0,24.0,No,,,,,0,0
3375,2021-01-01,Healthcare,52.0,2599.0,2 Year,3.0,29.0,No,,,,,0,0
3376,2020-12-17,Tech,12.0,614.0,2 Year,1.0,26.0,Yes,,,,,0,0
3377,2022-03-17,Finance,24.0,1197.0,Month-to-Month,1.0,1.0,No,,,,,0,0
3378,2022-01-22,Education,41.0,2065.0,1 Year,2.0,7.0,No,,,,,0,0
3379,2021-05-23,Retail,28.0,1400.0,2 Year,4.0,19.0,No,,,,,0,0
3380,2020-10-05,Retail,51.0,2530.0,Unknown,4.0,14.0,No,,,,,0,1
3381,2022-04-07,Manufacturing,20.0,1047.0,1 Year,3.0,30.0,No,,,,,0,0
3382,2022-04-09,Retail,11.0,562.0,2 Year,2.0,29.0,No,,,,,0,0
3383,2020-09-15,Healthcare,10.0,484.0,Month-to-Month,1.0,2.0,No,,,,,0,0
3384,2020-08-24,Finance,28.0,1432.0,1 Year,2.0,12.0,Yes,,,,,0,0
3385,2020-02-02,Manufacturing,7.0,357.0,1 Year,3.0,24.0,No,,,,,0,0
3386,2020-10-13,Retail,23.0,1168.0,1 Year,0.0,7.0,No,,,,,0,0
3387,2021-06-01,Finance,26.0,1342.0,1 Year,0.0,14.0,No,,,,,0,0
3388,2022-08-06,Tech,10.0,496.0,1 Year,3.0,30.0,No,,,,,0,0
3389,2021-08-28,Education,18.0,927.0,Month-to-Month,3.0,11.0,No,,,,,0,0
3390,2022-06-06,Retail,29.0,1439.0,2 Year,1.0,9.0,No,,,,,0,0
3391,2020-03-23,Manufacturing,17.0,891.0,Month-to-Month,4.0,11.0,No,,,,,0,0
3392,2020-12-05,Tech,6.0,281.0,Month-to-Month,1.0,4.0,No,,,,,0,0
3393,2020-02-20,Healthcare,21.0,1095.0,Month-to-Month,3.0,20.0,Yes,,,,,0,0
3394,2022-07-31,Manufacturing,14.0,724.0,2 Year,2.0,10.0,No,recoded_from_1,,,,0,0
3395,2020-09-09,Education,18.0,936.0,1 Year,2.0,13.0,Yes,,,,,0,0
3396,2022-11-02,Education,30.0,1488.0,Month-to-Month,1.0,29.0,No,,,,,0,0
3397,2022-06-19,Retail,33.0,1664.0,Month-to-Month,6.0,4.0,Yes,,,,,0,0
3398,2021-07-18,Finance,9.0,480.0,Month-to-Month,1.0,1.0,Yes,,,,,0,0
3399,2021-02-02,Finance,6.0,333.0,2 Year,2.0,6.0,No,,,,,0,0
3400,2022-05-24,Tech,29.0,1500.0,2 Year,1.0,8.0,No,,,,,0,0
3401,2020-11-30,Finance,37.0,1834.0,1 Year,0.0,23.0,Yes,,,,,1,0
3402,2022-10-07,Manufacturing,9.0,444.0,Month-to-Month,0.0,21.0,No,,,,,0,0
3403,2022-02-01,Education,24.0,1240.0,1 Year,1.0,18.0,No,,,,,0,0
3404,2021-11-08,Manufacturing,32.0,1621.0,2 Year,2.0,4.0,No,,,,,0,0
3405,2022-12-01,Tech,23.0,1165.0,2 Year,3.0,24.0,No,,,,,0,0
3406,2022-06-07,Education,28.0,1441.0,1 Year,3.0,10.0,No,,,,,0,0
3407,2022-04-08,Finance,10.0,486.0,2 Year,2.0,9.0,No,,,,,0,0
3408,2021-04-02,Education,1.0,58.0,Month-to-Month,0.0,14.0,No,,,,,1,0
3409,2022-11-01,Healthcare,20.0,1026.0,1 Year,0.0,23.0,No,,,,,0,0
3410,2020-06-15,Tech,1.0,61.0,Month-to-Month,2.0,19.0,No,,,,,0,0
3411,2021-10-04,Retail,9.0,437.0,1 Year,4.0,12.0,No,,,,,0,0
3412,2020-03-03,Retail,9.0,472.0,1 Year,0.0,3.0,No,,,,,0,0
3413,2022-03-22,Manufacturing,17.0,857.0,1 Year,2.0,13.0,No,,,,,0,0
3414,2020-12-03,Tech,74.0,3723.0,Month-to-Month,0.0,19.0,No,,,,,1,0
3415,2020-07-25,Retail,11.0,540.0,Month-to-Month,0.0,25.0,Yes,,,,,0,0
3416,2020-07-08,Healthcare,23.0,1149.0,Month-to-Month,1.0,0.0,Yes,,,,,0,0
3417,2022-01-01,Tech,7.0,341.0,Month-to-Month,1.0,5.0,No,,,,,0,0
3418,2020-06-17,Finance,13.0,635.0,2 Year,3.0,0.0,No,,,,,0,0
3419,2022-03-11,Manufacturing,9.0,492.0,Month-to-Month,2.0,8.0,No,,,,,0,0
3420,2020-05-26,Finance,8.0,416.0,Month-to-Month,3.0,2.0,No,,,,,0,0
3421,2022-11-20,Retail,3.0,142.0,1 Year,3.0,19.0,No,,,,,0,0
3422,2021-11-24,Manufacturing,17.0,850.0,2 Year,2.0,15.0,No,,,,,0,0
3423,2021-09-19,Finance,20.0,1017.0,2 Year,0.0,22.0,No,,,,,1,0
3424,2021-09-25,Tech,15.0,771.0,Month-to-Month,4.0,7.0,No,,,,,0,0
3425,2020-06-11,Finance,58.0,2887.0,2 Year,1.0,28.0,Yes,,,,,0,0
3426,2020-11-01,Finance,6.0,289.0,1 Year,3.0,24.0,No,,,,,0,0
3427,2022-09-13,Education,13.0,685.0,1 Year,4.0,3.0,No,,,,,0,0
3428,2021-09-11,Retail,9.0,456.0,1 Year,0.0,,Yes,,,,negative_set_to_missing,1,0
3429,2021-01-27,Retail,34.0,1724.0,Month-to-Month,0.0,1.0,Yes,,,,,0,0
3430,2021-01-17,Healthcare,16.0,843.0,1 Year,1.0,21.0,No,,,,,0,0
3431,2022-07-09,Healthcare,43.0,2147.0,1 Year,5.0,23.0,No,,,,,0,0
3432,2021-01-11,Finance,54.0,2680.0,Month-to-Month,2.0,30.0,Yes,,,,,0,0
3433,2020-03-27,Finance,16.0,797.0,Month-to-Month,1.0,16.0,No,,,,,0,0
3434,2021-01-04,Education,9.0,483.0,Month-to-Month,2.0,24.0,Yes,,,,,0,0
3435,2021-12-03,Manufacturing,66.0,3327.0,Unknown,3.0,0.0,No,,,,,0,1
3436,2021-02-17,Education,21.0,1057.0,Month-to-Month,0.0,10.0,No,,,,,1,0
3437,2022-10-31,Manufacturing,10.0,515.0,2 Year,1.0,12.0,No,,,,,0,0
3438,2021-02-06,Manufacturing,8.0,435.0,2 Year,1.0,25.0,Yes,,,,,0,0
3439,2021-08-17,Education,3.0,198.0,1 Year,0.0,1.0,Yes,,,,,0,0
3440,2020-05-08,Manufacturing,18.0,940.0,1 Year,3.0,29.0,No,,,,,0,0
3441,2021-04-17,Education,13.0,670.0,2 Year,0.0,7.0,No,,,,,1,0
3442,2020-03-20,Tech,28.0,1409.0,2 Year,2.0,28.0,No,,,,,0,0
3443,2022-12-22,Retail,11.0,559.0,Month-to-Month,2.0,7.0,No,,,,,0,0
3444,2020-01-05,Manufacturing,3.0,185.0,Month-to-Month,4.0,30.0,No,,,,,0,0
3445,2022-05-03,Education,8.0,382.0,2 Year,0.0,27.0,No,,,,,1,0
3446,2021-09-19,Healthcare,25.0,1236.0,1 Year,3.0,,No,,,,negative_set_to_missing,0,0
3447,2020-08-25,Education,11.0,560.0,1 Year,1.0,17.0,No,,,,,0,0
3448,2021-02-14,Retail,16.0,781.0,2 Year,4.0,13.0,No,,,,,0,0
3449,2020-02-12,Healthcare,20.0,992.0,Month-to-Month,1.0,29.0,Yes,,,,,0,0
3450,2021-06-10,Healthcare,4.0,233.0,Month-to-Month,3.0,28.0,No,,,,,0,0
3451,2020-07-18,Tech,17.0,866.0,1 Year,3.0,17.0,No,,,,,0,0
3452,2020-11-14,Healthcare,21.0,1045.0,Month-to-Month,1.0,30.0,No,,,,,0,0
3453,2021-01-01,Manufacturing,7.0,344.0,1 Year,1.0,10.0,No,,,,,0,0
3454,2022-08-10,Tech,6.0,345.0,Month-to-Month,3.0,15.0,No,,,,,0,0
3455,2021-12-30,Healthcare,13.0,641.0,1 Year,4.0,5.0,No,,,,,0,0
3456,2020-02-07,Manufacturing,38.0,1891.0,Month-to-Month,5.0,5.0,Yes,,,,,0,0
3457,2021-02-01,Retail,17.0,891.0,2 Year,0.0,11.0,Yes,,,,,0,0
3458,2020-07-31,Retail,10.0,545.0,1 Year,2.0,6.0,No,,,,,0,0
3459,2020-05-17,Retail,37.0,1859.0,2 Year,4.0,29.0,No,recoded_from_1,,,,0,0
3460,2022-03-04,Finance,3.0,171.0,2 Year,7.0,11.0,Yes,,,,,0,0
3461,2020-01-08,Retail,15.0,775.0,Month-to-Month,1.0,21.0,No,,,,,0,0
3462,2020-01-16,Manufacturing,4.0,220.0,1 Year,0.0,2.0,No,,,,,1,0
3463,2020-08-26,Healthcare,6.0,297.0,1 Year,3.0,15.0,No,,,,,0,0
3464,2020-09-02,Retail,11.0,534.0,2 Year,1.0,10.0,No,,,,,0,0
3465,2021-08-23,Finance,7.0,334.0,Month-to-Month,5.0,1.0,No,,,,,0,0
3466,2021-06-12,Tech,9.0,478.0,Month-to-Month,1.0,8.0,No,,,,,0,0
3467,2022-12-23,Tech,57.0,2876.0,Month-to-Month,3.0,15.0,No,,,,,0,0
3468,2020-02-23,Manufacturing,3.0,166.0,1 Year,0.0,5.0,No,,,,,0,0
3469,2020-07-24,Healthcare,17.0,876.0,Month-to-Month,0.0,3.0,No,,,,,0,0
3470,2020-09-10,Tech,8.0,403.0,2 Year,2.0,6.0,No,,,,,0,0
3471,2021-07-20,Education,6.0,319.0,2 Year,4.0,24.0,No,,,,,0,0
3472,2021-08-31,Tech,24.0,1250.0,2 Year,0.0,9.0,No,,,,,0,0
3473,2021-09-30,Finance,8.0,433.0,Month-to-Month,5.0,21.0,No,,,,,0,0
3474,2020-05-20,Retail,13.0,642.0,2 Year,0.0,0.0,No,,,,,1,0
3475,2022-01-09,Manufacturing,5.0,281.0,2 Year,1.0,3.0,No,,,,,0,0
3476,2021-05-22,Education,9.0,440.0,1 Year,1.0,5.0,No,,,,,0,0
3477,2020-07-31,Education,34.0,1682.0,1 Year,1.0,6.0,No,,,,,0,0
3478,2022-11-09,Manufacturing,66.0,3310.0,1 Year,1.0,0.0,No,,,,,0,0
3479,2021-01-19,Manufacturing,21.0,1093.0,2 Year,2.0,7.0,Yes,,,,,0,0
3480,2022-03-06,Manufacturing,55.0,2754.0,2 Year,2.0,9.0,No,,,,,0,0
3481,2022-04-22,Education,7.0,366.0,1 Year,0.0,7.0,No,,,,,0,0
3482,2022-05-10,Retail,15.0,762.0,2 Year,2.0,19.0,No,,,,,0,0
3483,2021-01-26,Manufacturing,9.0,462.0,2 Year,4.0,4.0,No,,,,,0,0
3484,2020-09-02,Education,14.0,711.0,Month-to-Month,0.0,22.0,Yes,,,,,0,0
3485,2020-04-05,Tech,23.0,1139.0,2 Year,3.0,12.0,No,,,,,0,0
3486,2020-01-06,Healthcare,22.0,1106.0,2 Year,2.0,3.0,Yes,,,,,0,0
3487,2021-02-26,Healthcare,30.0,1537.0,Month-to-Month,3.0,4.0,No,,,,,0,0
3488,2021-10-27,Education,21.0,1082.0,1 Year,2.0,21.0,No,,,,,0,0
3489,2021-02-16,Education,16.0,798.0,Month-to-Month,1.0,12.0,No,,,,,0,0
3490,2021-05-12,Retail,38.0,1942.0,1 Year,3.0,30.0,Yes,,,,,0,0
3491,2022-08-07,Manufacturing,13.0,650.0,Month-to-Month,2.0,25.0,Yes,,,,,0,0
3492,2021-08-15,Healthcare,23.0,1156.0,1 Year,2.0,3.0,No,,,,,0,0
3493,2020-12-28,Manufacturing,8.0,434.0,Month-to-Month,3.0,15.0,No,,,,,0,0
3494,2022-07-19,Healthcare,7.0,374.0,1 Year,0.0,,No,,,,negative_set_to_missing,0,0
3495,2022-09-03,Finance,9.0,479.0,1 Year,0.0,5.0,No,,,,,0,0
3496,2020-02-05,Manufacturing,25.0,1260.0,2 Year,4.0,15.0,No,,,,,0,0
3497,2022-11-09,Education,8.0,398.0,Month-to-Month,3.0,8.0,No,,,,,0,0
3498,2020-07-21,Tech,21.0,1064.0,2 Year,2.0,16.0,No,,,,,0,0
3499,2020-05-08,Education,5.0,243.0,Month-to-Month,2.0,28.0,No,,,,,0,0
3500,2022-12-21,Healthcare,4.0,203.0,2 Year,3.0,15.0,Yes,,,,,0,0
